Symbol,Text,Name,Date,Retweets,Tweet Type,Hashtags,Mentions,Media Type
NFLX,All set to watch @HouseofCards tonight.  Happy Valentine’s Day $NFLX!,Carl Icahn,14/02/2014,110,Tweet,0,1,
NFLX,All set to watch @HouseofCards tonight.  Happy Valentine’s Day $NFLX!,Carl Icahn,14/02/2014,110,Tweet,0,1,
NFLX,@GraduateInvestr sympathy w/$NFLX - high flyers.  still like it.,Stephanie Link,16/10/2014,0,Reply,0,1,
NFLX,Sold last of our $NFLX today.  Believe $AAPL currently represents same opportunity we stated NFLX offered several years ago.,Carl Icahn,24/06/2015,660,Tweet,0,0,
NFLX,Sold last of our $NFLX today.  Believe $AAPL currently represents same opportunity we stated NFLX offered several years ago.,Carl Icahn,24/06/2015,660,Tweet,0,0,
NFLX,"Post $NFLX, the “other” FANG report this week and they are responsible for 12% of $SPX but a more important 25% of the $NDX.",Stephanie Link,22/07/2018,5,Tweet,0,0,
NFLX,"With a bevy of new streaming services that are set to launch from Disney, Apple, AT&amp;T and others, can $NFLX weather the onslaught of new streaming services and win the streaming war?",Investors.com,10/10/2019,3,Tweet,0,0,
NFLX,"The Dow Jones lagged a bit Thursday, hurt by weak earnings from IBM, but the Nasdaq outperformed, helped by a strong showing from Netflix $NFLX $TPX $CMG Sponsored by Interactive Brokers. @IBKR https://t.co/xGL3TkKSVr",Investors.com,17/10/2019,4,Tweet,0,1,
NFLX,"""Netflix is profitable - if you exclude everything."" says @IBD_ECarson 

#IBDLive Team discussing $DIS stock breakout after Disney+ streaming service subs hit 10 mil. $NFLX stock down on the news.
Are you team $NFLX or team $DIS?",Investors.com,14/11/2019,2,Tweet,1,1,
NFLX,Active stocks breaking out https://t.co/qwCj3iCBfg  $EROS $NFLX $HD $BSX $YNDX,Top Breakout Stocks,18/11/2019,1,Tweet,0,0,
NFLX,RT @AlissaCoram : That’s a wrap on this week’s show! Episode drops tonight with insights on the bull run &amp; analysis of $DIS $NFLX w/ @Randy_Watts_ of @williamoneilco and dividend #ETF strategies w/ @SimeonHyman of @ProSharesETF  #InvestingStrategies @IBDinvestors @Nasdaq https://t.co/SbT5VnMOmg,Investors.com,18/11/2019,0,Retweet,2,6,photo
NFLX,"New breakouts for $MDR, $HEPA, $NFLX, $AMTD https://t.co/qwCj3iCBfg",Top Breakout Stocks,21/11/2019,0,Tweet,0,0,
NFLX,Stocks that breakout often https://t.co/Z7h1lnUe2U $EXC $HD $NFLX,Top Breakout Stocks,19/12/2019,0,Tweet,0,0,
NFLX,"RT @narayanarjun : The two best performing public stocks of the decade - Netflix (+3700%) and Domino's Pizza (+3000%) - perfectly epitomize the 2010s. You either build the world's most advanced machine learning content recommender system, or make a better pizza sauce, there's no middle ground.",Wu-Tang Financial ??,28/12/2019,0,Retweet,0,0,
NFLX,RT @IBD_ECarson : These 5 stocks hit buy zones as market rally won't 'stand down'; Dow futures rise https://t.co/YwdRUYiN99 $NFLX $VRTX $LULU $RNG $PAYC $COST https://t.co/W6Q1r3o1aL,Investors.com,09/01/2020,0,Retweet,0,0,animated_gif
NFLX,Will be interesting to see Disney+ subs numbers following the initial release.  Google search trends have been trending lower since a big spike at launch.  Netflix trending higher again. $NFLX $DIS https://t.co/0MAJFp6g6M,Bespoke,10/01/2020,0,Tweet,0,0,photo
NFLX,Will be interesting to see Disney+ subs numbers following the initial release.  Google search trends have been trending lower since a big spike at launch.  Netflix trending higher again. $NFLX $DIS https://t.co/0MAJFp6g6M,Bespoke,10/01/2020,0,Tweet,0,0,photo
NFLX,"Of stocks w/ at least 10 years of earnings reports, Infinera $INFN, YRC $YRCW, Travelzoo $TZOO, and Netflix $NFLX have been the most volatile on earnings.  Here's the full list: https://t.co/19H5l34iYt https://t.co/1AZcjEknyc",Bespoke,14/01/2020,3,Tweet,0,0,photo
NFLX,"Of stocks w/ at least 10 years of earnings reports, Infinera $INFN, YRC $YRCW, Travelzoo $TZOO, and Netflix $NFLX have been the most volatile on earnings.  Here's the full list: https://t.co/19H5l34iYt https://t.co/1AZcjEknyc",Bespoke,14/01/2020,3,Tweet,0,0,photo
NFLX,RT @IBD_ECarson : Stock Market Rally Faces New Test; Futures Fall https://t.co/1hYc1yIuV3 $NFLX $TXN $DIS $AAPL $GOOGL https://t.co/3bRaisp4PP,Investors.com,21/01/2020,0,Retweet,0,0,photo
NFLX,"IBD Live is on! Talking actionable trades and market commentary ????

Stocks in discussion this morning: $HAL, $TAL, $EDU, $NFLX

Tune into the live stream here: 
https://t.co/wVo7SpvWKx 

Live questions welcome #IBDLive",Investors.com,21/01/2020,1,Tweet,1,0,
NFLX,RT @IBD_ECarson : Dow Futures Rise After Market Rally Resists Virus; These 3 Tech Giants Move Higher https://t.co/ASq5Ygn6Q6 $NFLX $IBM $TSLA $ASML $DIS #Netflix #Tesla https://t.co/MuJUGtp6nQ,Investors.com,22/01/2020,0,Retweet,2,0,photo
NFLX,"IBD Live is on!

Stocks in discussion this morning: $NFLX, $TSLA, $INMD, $ASML

Tune into the live stream here: 
https://t.co/wVo7SpNxC5 

Live questions welcome #IBDLive",Investors.com,22/01/2020,1,Tweet,1,0,
NFLX,The stock market was resilient again Thursday after the World Health Organization issued a calming statement regarding the outbreak of the coronavirus $PYPL $NFLX $DT https://t.co/eFAJvdVuUI,Investors.com,23/01/2020,6,Tweet,0,0,
NFLX,"$NFLX, $KMI, $INNT hit new breakout highs  https://t.co/qwCj3iCBfg",Top Breakout Stocks,24/01/2020,0,Tweet,0,0,
NFLX,"Took a few years, but Tesla $TSLA and Netflix $NFLX now have the same market cap again, just like back in mid-2017... NFLX's run in early 2018 wasn't as steep as TSLA's run now, but it was nothing to sneeze at either.  https://t.co/H4p1RcpfIn https://t.co/gZOKZaL7Jr",Bespoke,04/02/2020,7,Tweet,0,0,photo
NFLX,"Took a few years, but Tesla $TSLA and Netflix $NFLX now have the same market cap again, just like back in mid-2017... NFLX's run in early 2018 wasn't as steep as TSLA's run now, but it was nothing to sneeze at either.  https://t.co/H4p1RcpfIn https://t.co/gZOKZaL7Jr",Bespoke,04/02/2020,7,Tweet,0,0,photo
NFLX,"$NFLX trying to break out of a big cup. Keep an eye on this one.

#IBDLive https://t.co/JbyyfLxfya",Investors.com,18/02/2020,3,Tweet,1,0,photo
NFLX,"WATCH NOW: On #IBDLive today, Netflix $NFLX tries to break out of a big cup base as it nears a key buy point. https://t.co/JUIcBBSCHW",Investors.com,18/02/2020,5,Tweet,1,0,video
NFLX,"RT @IBDinvestors : WATCH NOW: On #IBDLive today, Netflix $NFLX tries to break out of a big cup base as it nears a key buy point. https://t.co/JUIcBBSCHW",Investors.com,18/02/2020,0,Retweet,1,0,video
NFLX,"Actionable stocks making moves on #IBDLive this week included Nvidia, Netflix, Domino's Pizza, and Microsoft among others. Watch the weekly recap video for more details on buy points and breakouts from the IBD Live Team.
$NVDA $NFLX $DPZ $MSFT https://t.co/dftiNocSiT",Investors.com,22/02/2020,2,Tweet,1,0,video
NFLX,"Slack $WORK isn't down as much as some other stocks but still down 7% on the week.  Surprised not doing better given the rally in stocks like Zoom $ZM, Teladoc $TDOC, Netflix $NFLX.",Bespoke,27/02/2020,2,Tweet,0,0,
NFLX,"Slack $WORK isn't down as much as some other stocks but still down 7% on the week.  Surprised not doing better given the rally in stocks like Zoom $ZM, Teladoc $TDOC, Netflix $NFLX.",Bespoke,27/02/2020,2,Tweet,0,0,
NFLX,Stocks worsened in afternoon trade Thursday on reports California is monitoring thousands of potential coronavirus cases $SQ $RNG $NFLX https://t.co/5KNzl3n6Rj,Investors.com,27/02/2020,1,Tweet,0,0,
NFLX,"RT @IBD_ECarson : Dow Futures Plunge, Crude Oil Crashes As OPEC+ Price Wars Adds To #Coronavirus Fears https://t.co/Mljn40yPW0 $AAPL $NFLX $NVDA $RNG $SHOP $TEAM https://t.co/21gC9museJ",Investors.com,08/03/2020,0,Retweet,1,0,photo
NFLX,RT @IBD_ECarson : Futures Surge On Trump Tax Cut Plan After Dow Nears Bear Market https://t.co/046GYg0YLy #coronavirus $TSLA $NFLX $NVDA $GOOGL $DOCU https://t.co/mm2Qgu6Seu,Investors.com,10/03/2020,0,Retweet,1,0,photo
NFLX,"RT @IBD_ECarson : Futures fall sharply after big rally; Apple, Microsoft, Alibaba, Netflix, Vertex flash bullish signal https://t.co/jOOSmA3AGr #coronavirus $AAPL $MSFT $BABA $NFLX $VRTX https://t.co/oUeJV7Csv1",Investors.com,10/03/2020,0,Retweet,1,0,photo
NFLX,"IBD Live Recap Wednesday:
Netflix Tops Our Post-Correction Buy List — Here's Why

#IBDLive $NFLX https://t.co/MSFeFnkEZd",Investors.com,11/03/2020,5,Tweet,1,0,video
NFLX,"RT @IBDinvestors : IBD Live Recap Wednesday:
Netflix Tops Our Post-Correction Buy List — Here's Why

#IBDLive $NFLX https://t.co/MSFeFnkEZd",Investors.com,11/03/2020,0,Retweet,1,0,video
NFLX,times like these we need the Chapelle show to return. @netflix plz help,Wu-Tang Financial ??,12/03/2020,35,Tweet,0,1,
NFLX,Some beaten down growth stocks perked up Thursday even as the coronavirus continued to spread $NFLX $ADBE $NET For the full episode click: https://t.co/horlgNFKkz https://t.co/Ttn0uqHUrI,Investors.com,19/03/2020,4,Tweet,0,0,photo
NFLX,"IBD Live Recap Thursday: 

Two Top Stocks To Watch Amid The Coronavirus Stock Market Crash

#IBDLive $NFLX $NET https://t.co/NmSvrGXy7R",Investors.com,19/03/2020,5,Tweet,1,0,video
NFLX,"RT @IBDinvestors : IBD Live Recap Thursday: 

Two Top Stocks To Watch Amid The Coronavirus Stock Market Crash

#IBDLive $NFLX $NET https://t.co/NmSvrGXy7R",Investors.com,20/03/2020,0,Retweet,1,0,video
NFLX,"$NFLX ""When we're going to go in heavy is when it breaks above that current consolidation. Then, we'll be using that 10-week moving average as our line in the sand - a close below will be our exit point."" @IBD_CGessel 

#IBDLive https://t.co/3WPWeTfnal",Investors.com,20/03/2020,3,Tweet,1,1,photo
NFLX,"#IBDLive Team looking at $NFLX, one of our top coronavirus plays.
""At best this has to pause &amp; form new resistance to create a more logical trend line. Then once it breaks above that new hypothetical trend line, we could consider a buy point. But for now, wait."" @mwebster1971 https://t.co/kGOmQANCI0",Investors.com,25/03/2020,3,Tweet,1,1,photo
NFLX,"$NFLX clear supporting action the last two weeks. It's telling you investors are in this stock and supporting it.

""The RS line has soared bc compared to the rest of the market, this stock looks great."" 
@IBD_JNielsen

#IBDLive https://t.co/BWImy1I5GF",Investors.com,30/03/2020,4,Tweet,1,1,photo
NFLX,"As always, Fuck your politics, the world needs a My Pillow guy Netflix documentary/short series now. https://t.co/jpm4j10toO",Wu-Tang Financial ??,31/03/2020,285,Tweet,0,0,photo
NFLX,"$NFLX stock is holding up. Looking for it to take out its pre-crash highs as our buy signal. Major coronavirus stock play.

""All the buzz right now is on Tiger King and Ozark -- lots of popular binge-y shows and now's the time where people are bingeing."" @AlissaCoram 

#IBDLive https://t.co/NdUmZLUdfm",Investors.com,03/04/2020,3,Tweet,1,1,photo
NFLX,"Nice milestone for Disney+. 

This marathon streaming battle between $DIS and $NFLX will be epic as it plays out... 

https://t.co/PmzinPq08r",Stocktwits,09/04/2020,4,Tweet,0,0,
NFLX,"RT @IBD_ECarson : OPEC+ finally reaches crude oil production deal, but will it be enough to buoy the coronavirus stock market rally? Six IBD 50 stocks eye buy points. https://t.co/iNdm10T5vz #OOTT #coronavirus $MSFT $NVDA $NFLX $VEEV $MSCI $LITE $AAPL $GILD https://t.co/3kBufKGdtn",Investors.com,12/04/2020,0,Retweet,2,0,photo
NFLX,RT @IBD_ECarson : Dow Jones futures fall solidly after OPEC+ production deal. $MSFT $NVDA $NFLX #OOTT $GILD https://t.co/RYtKwiods5,Investors.com,12/04/2020,0,Retweet,1,0,
NFLX,"FAANG today:  
  
? $FB ? 2%  
? $AAPL ? 0.25%  
? $AMZN ? 5%  
? $NFLX ? 6%  
? $GOOG ? 1% https://t.co/qt7jliovxA",Stocktwits,13/04/2020,7,Tweet,0,0,photo
NFLX,$NFLX highest close since July 2018. https://t.co/mwUltuB3hp,Stocktwits,13/04/2020,21,Tweet,0,0,animated_gif
NFLX,"All time highs. 
 
$NFLX +5% https://t.co/5RU5SphPHp",Stocktwits,15/04/2020,14,Tweet,0,0,animated_gif
NFLX,"Amazon and Netflix continue to run.  
 
$AMZN ? 3.5% 
$NFLX ? 4% https://t.co/GHInpMASho",Stocktwits,16/04/2020,14,Tweet,0,0,photo
NFLX,"A lot of potential re: $NFLX earnings tonight. ""But you cannot buy the stock here I think bc it's way too extended. Sure it could just keep moving higher but there's huge risk it could come into 400 and you'll have a huge loss on your hands."" @mwebster1971 

#IBDLive https://t.co/CnSK7Bk3Yu",Investors.com,16/04/2020,1,Tweet,1,1,photo
NFLX,"Today, Amazon and Netflix are getting worked.

$AMZN ? 2%
$NFLX ? 4.5% https://t.co/ZNESqnKvbK https://t.co/9elZ5X4MoZ",Stocktwits,17/04/2020,11,Tweet,0,0,photo
NFLX,"Netflix documentaries on Youtube! 
 
$NFLX https://t.co/9vqE34U5tk https://t.co/2eCmnvA0lv",Stocktwits,17/04/2020,4,Tweet,0,0,photo
NFLX,The S&amp;P 500 gapped up Friday and reclaimed its 50-day moving average $INCY $VEEV $NFLX Watch Stock Market Today here: https://t.co/XPcJZk2GiQ https://t.co/kbdEYyzdsC,Investors.com,17/04/2020,2,Tweet,0,0,photo
NFLX,Which stocks are emerging from the coronavirus crash as new leaders? Read this free infographic and find out! #coronavirus #stocks #investors #COVID19 $NFLX $ZM $DPZ https://t.co/exlrA7s3C8 https://t.co/ZgiVnMItsh,Investors.com,17/04/2020,0,Tweet,4,0,photo
NFLX,Which stocks are emerging from the coronavirus crash as new leaders? Read this free infographic and find out! $NFLX $ZM $DPZ #coronavirus #stocks #investing #investors #COVID19  https://t.co/zTsTHGy5Gx https://t.co/kObUvek4Hm,Investors.com,18/04/2020,3,Tweet,5,0,photo
NFLX,Which stocks are emerging from the coronavirus crash as new leaders? Read this free infographic and find out! #coronavirus #stocks #investors #COVID19 $NFLX $DPZ $ZM https://t.co/zTsTHGy5Gx https://t.co/rR2saGzlWD,Investors.com,18/04/2020,1,Tweet,4,0,photo
NFLX,Which stocks are emerging from the coronavirus crash as new leaders? Read this free infographic and find out! $NFLX $ZM $DPZ #coronavirus #stocks #investing #investors #COVID19  https://t.co/zTsTHGy5Gx https://t.co/GBIBlseQBt,Investors.com,19/04/2020,1,Tweet,5,0,photo
NFLX,Which stocks are emerging from the coronavirus crash as new leaders? Read this free infographic and find out! https://t.co/zTsTHGy5Gx #coronavirus #stocks #investing #investors #COVID19  $NFLX $ZM https://t.co/4Tslnem1Rx,Investors.com,19/04/2020,3,Tweet,5,0,photo
NFLX,"Big earnings week ahead. 

$IBM $NFLX $SNAP $DPZ $VZ https://t.co/74LGuZ9j8h",Stocktwits,19/04/2020,76,Tweet,0,0,photo
NFLX,Which stocks are emerging from the coronavirus crash as new leaders? Read this free infographic and find out! #coronavirus #stocks #investing #investors #COVID19 $NFLX $ZM https://t.co/zTsTHGy5Gx https://t.co/2uaZsjI5jV,Investors.com,19/04/2020,2,Tweet,5,0,photo
NFLX,Which stocks are emerging from the coronavirus crash as new leaders? Read this free infographic and find out! https://t.co/zTsTHGy5Gx  #coronavirus #stocks #investing #investors #COVID19 $NFLX $ZM https://t.co/wcQgsqcfPM,Investors.com,19/04/2020,0,Tweet,5,0,photo
NFLX,Which stocks are emerging from the coronavirus crash as new leaders? Read this free infographic and find out! https://t.co/zTsTHGguhX #coronavirus #stocks #investing #investors #COVID19  $NFLX $ZM https://t.co/wLlaKc873u,Investors.com,20/04/2020,3,Tweet,5,0,photo
NFLX,RT @DanRusso_CMT : $DIS vs $NFLX. The green line is the launch of Disney+ https://t.co/cSRDsWkeFK,Stocktwits,20/04/2020,0,Retweet,0,0,photo
NFLX,"50/50 Portfolio: 
 
$NFLX x $AMZN ? 34% YTD https://t.co/30GRfuFMUE",Stocktwits,20/04/2020,9,Tweet,0,0,photo
NFLX,Which stocks are emerging from the coronavirus crash as new leaders? Read this free infographic and find out! #coronavirus #stocks #investing #investors #COVID19  $NFLX $ZM https://t.co/zTsTHGy5Gx https://t.co/ubXDgqX9lu,Investors.com,20/04/2020,2,Tweet,5,0,photo
NFLX,Which stocks are emerging from the coronavirus crash as new leaders? Read this free infographic and find out! https://t.co/zTsTHGguhX #coronavirus #stocks #investing #investors #COVID19 $NFLX $ZM https://t.co/vK9tg154xH,Investors.com,20/04/2020,7,Tweet,5,0,photo
NFLX,@BjornEmde SAP gehört mit einem Börsenwert von 139 Milliarden Euro noch nicht mal zu den Top 50 der Welt. Selbst Netflix ist inzwischen größer. Von Tech Giant würde ich da nicht reden!,Holger Zschaepitz,21/04/2020,1,Reply,0,1,
NFLX,@BjornEmde SAP gehört mit einem Börsenwert von 139 Milliarden Euro noch nicht mal zu den Top 50 der Welt. Selbst Netflix ist inzwischen größer. Von Tech Giant würde ich da nicht reden!,Holger Zschaepitz,21/04/2020,1,Reply,0,1,
NFLX,$NFLX first move higher. https://t.co/RmtSurI9n0 https://t.co/7eBVxyiVvJ,Stocktwits,21/04/2020,6,Tweet,0,0,animated_gif
NFLX,"Netflix adds more than double the number of new subscribers it had predicted, as coronavirus lockdowns forced people to entertain themselves at home https://t.co/1qd7DEwkX1",WSJ Markets,21/04/2020,1,Tweet,0,0,
NFLX,"RT @ppearlman : $NFLX earnings conference call tonight at 6PM ET. Should be interesting. Gonna try to listen.
 https://t.co/ALeEWhylL9",Stocktwits,21/04/2020,0,Retweet,0,0,
NFLX,RT @djtgallagher : Netflix threw a bit of cold water on its own hot results. It was needed. For @WSJheard - https://t.co/pNG1onVeSl,WSJ Markets,21/04/2020,0,Retweet,0,1,
NFLX,Netflix’s unprecedented subscriber growth comes with a dose of sobriety for stay-home trade’s hottest stock https://t.co/BNGh6zDclp,WSJ Markets,21/04/2020,3,Tweet,0,0,
NFLX,"RT @MicahMaidenberg : Netflix Adds 16 Million New Subscribers as Home-Bound Consumers Stream Away -- more than double the company's forecast. first take on the streaming giant's latest results w/@JBFlint 
https://t.co/6bFJNE9qrC",WSJ Markets,22/04/2020,0,Retweet,0,1,
NFLX,"$NFLX earnings report tonight ??

""I consider this one an A/A+ stock so I'm holding with it for now."" @mwebster1971 ""That doesn't mean its going to work out, but if you look at the sponsorship behind this stock, every fund that's important is in there.""

#IBDLive https://t.co/u4js0aHlDr",Investors.com,22/04/2020,2,Tweet,1,1,photo
NFLX,Stocks Recover But Are We Out of The Woods? $NFLX $AAPL $GDX Watch Stock Market Today here: https://t.co/RtFTSkLsGp https://t.co/g1g8IghO4G,Investors.com,22/04/2020,5,Tweet,0,0,photo
NFLX,"RT @djtgallagher : Citrix results show big WFH run-up was justified. But like Netflix, they also raise the pull-forward question. Still, for a cloud stock, this is pretty cheap. For @WSJheard - https://t.co/vB6WyNhRDr",WSJ Markets,23/04/2020,0,Retweet,0,1,
NFLX,"$NFLX ""This one is extended. I think the next move will either be -- it'll form a base like a flat base or a shelf or 3 wks tight. Or it'll pull back to the 21-day exponential moving average and then reverse higher off that."" @IBD_CGessel 

#IBDLive https://t.co/SNMjyxSa8i",Investors.com,24/04/2020,1,Tweet,1,1,photo
NFLX,"$NFLX Currently extended. A big coronavirus play. Recent earnings numbers killed it. Their free cash flow is normally negative but due to the production halt, it was positive.

#IBDLive Team does not feel it's a buy yet. It needs to build a shelf or three weeks tight here 1st. https://t.co/6A25jvm1h1",Investors.com,27/04/2020,2,Tweet,1,0,photo
NFLX,"$NFLX ""I've been adding a ton of Netflix. It's my first bigger position amid this whole new stock market rally. Not bc it's been having huge gains but bc it's been doing exactly what it should be doing. I have a clear expectation and it's an A+ stock."" @mwebster1971 https://t.co/usg1RQGLTO",Investors.com,29/04/2020,4,Tweet,0,1,photo
NFLX,"Stocks soar on Gilead Covid drug; Apple at buy point, Netflix makes bullish move $GILD $AAPL $NFLX Watch Stock Market Today here: https://t.co/tQPyD3ZegE https://t.co/IbZrlKrsYh",Investors.com,29/04/2020,4,Tweet,0,0,photo
NFLX,"Wake up (kinda sad, not knowing the date or time)

Pour up (orange juice)

Head shot (coffee)

Sit down (in home office)

Stand up (and peruse the fridge)

Pass out (after 2-3 beers, watching Netflix)

Wake up (kinda sad, not knowing the date or time)",Wu-Tang Financial ??,05/05/2020,83,Tweet,0,0,
NFLX,"$NFLX  
""One of my fav positions rn and an A+ stocks. It's acting perfectly. If you own it, I'd say just hold it here. It's a slower name these days which is an odd thing to say about Netflix. Once a rollercoaster stock, now an institutional darling."" @mwebster1971 

#IBDLive https://t.co/YXXvFZdNps",Investors.com,06/05/2020,5,Tweet,1,1,photo
NFLX,"An all-new #InvestingStrategies is out now!

Guests:
@zoom_us board member @ssubo of @emergencecap
@Five9 CEO @rowantrollope
@AlibabaGroup N. America B2B’s John Caplan
@EY_TMT’s John Harrison
Hosted by @AlissaCoram

$ZM $FIVN $BABA $NFLX $DIS

Watch here: https://t.co/lUrIVvh7Bi https://t.co/3BJ3hKMvxG",Investors.com,07/05/2020,8,Tweet,1,8,photo
NFLX,RT @IBD_ECarson : Dow futures: Five stocks past this key risk; Tesla Fremont drama in focus https://t.co/0HQLwoyWCn $TSLA $MSFT $NFLX $CMG $VRTX $PODD https://t.co/1NwZAK6gxE,Investors.com,10/05/2020,0,Retweet,0,0,photo
NFLX,"Google in buy zone, KLA tries; Netflix chilled $GOOGL $KLAC $NFLX https://t.co/KUjyzBk2He",Investors.com,26/05/2020,4,Tweet,0,0,
NFLX,"Netflix, PayPal, Others Could Benefit from the EU's Apple Probes: @EricJhonsa  https://t.co/8Gpgd2Bnel",Jim Cramer,16/06/2020,11,Tweet,0,1,
NFLX,Netflix $NFLX chart shows the stock still in a solid uptrend and acting well around its 50-DMA. https://t.co/fYAZn0LtJf,Bespoke,17/06/2020,3,Tweet,0,0,photo
NFLX,Netflix $NFLX chart shows the stock still in a solid uptrend and acting well around its 50-DMA. https://t.co/fYAZn0LtJf,Bespoke,17/06/2020,3,Tweet,0,0,photo
NFLX,"Netflix's Reed Hastings said he hoped his contribution to historically black colleges would lead other wealthy individuals to give: “Generally, white capital flows to predominantly white institutions.”  https://t.co/cyXbMszaYp",NYT Business,17/06/2020,7,Tweet,0,0,
NFLX,"Netflix's Reed Hastings said he hoped his contribution to historically black colleges would lead other wealthy individuals to give: “Generally, white capital flows to predominantly white institutions.” https://t.co/tQ2b8pTtek",NYT Business,17/06/2020,4,Tweet,0,0,
NFLX,"Nasdaq, growth stocks lead mixed session: Alteryx, Teradyne, Netflix break out $AYX $TER $NFLX https://t.co/ypkgTYASfS",Investors.com,17/06/2020,2,Tweet,0,0,
NFLX,"“I think white people in our nation need to accept that it’s a collective responsibility,” the co-founder of Netflix told our @andrewrsorkin. George Floyd’s killing and the emotional outpouring that followed were “the straw that broke the camel’s back.” https://t.co/FG95cHtbU1",NYT Business,18/06/2020,5,Tweet,0,1,
NFLX,"Donating the largest-ever individual gift to support scholarships at historically black colleges, Reed Hastings, the co-founder of Netflix, and his wife gave $120 million to the United Negro College Fund, Spelman College and Morehouse College. https://t.co/WYoWRPyJLM",NYT Business,18/06/2020,4,Tweet,0,0,
NFLX,"That horror flick would be too edgy even for $NFLX

https://t.co/QHv27sGy9K",Sven Henrich,18/06/2020,13,Reply,0,0,
NFLX,"That horror flick would be too edgy even for $NFLX

https://t.co/QHv27sGy9K",Sven Henrich,18/06/2020,13,Reply,0,0,
NFLX,"Growth stocks continue to lead; Netflix, Fortinet, Inphi enter new buy zones $NFLX $FTNT $IPHI https://t.co/Y8xt7fZzic",Investors.com,22/06/2020,10,Tweet,0,0,
NFLX,"RT @IBD_ECarson : Netflix, Fortinet lead 5 stocks that just entered buy zones; Dow futures rise modestly after Apple/Microsoft-led rally. https://t.co/SSYpliBKbd $NFLX $FRNT $SPLK $IPHI $TEAM $MSFT $AAPL https://t.co/6M6TsTwJ5A",Investors.com,22/06/2020,0,Retweet,0,0,animated_gif
NFLX,"Colin Kaepernick has yet to be invited back to the National Football League, but Netflix is welcoming him with open arms. His teenage years will be the subject of a streaming series from Ava DuVernay. https://t.co/q8ISqtx0cY",NYT Business,29/06/2020,8,Tweet,0,0,
NFLX,"Film studios and production facilities have become hot commodities as Netflix, Amazon and Apple, competing for streaming customers, produce more original movies and shows https://t.co/9JN3CW37DP",WSJ Markets,29/06/2020,2,Tweet,0,0,
NFLX,RT @andrewrsorkin : ??????This is a big idea from Netflix that other companies should consider! https://t.co/6Or6vLWMmV,NYT Business,30/06/2020,0,Retweet,0,0,
NFLX,"Netflix says that it will move up to $100 million, or 2 percent of its cash holdings, to financial institutions that focus on Black communities https://t.co/eK6zaxWXl7",NYT Business,30/06/2020,5,Tweet,0,0,
NFLX,Gonna need another NETFLIX special https://t.co/16Q3V9Xs60,Wu-Tang Financial ??,03/07/2020,17,Tweet,0,0,
NFLX,"The director Ava DuVernay says Netflix is ""the foremost and most robust distributor of Black images in the world."" https://t.co/l6lCCrWqFy",NYT Business,06/07/2020,3,Tweet,0,0,
NFLX,"As the entertainment industry scrambles to catch up to surging demands for Black shows, films and documentaries, they see Netflix way out in front of them https://t.co/Pz1RodQUFt",NYT Business,06/07/2020,2,Tweet,0,0,
NFLX,NEW #InvestingStrategies features insights from @Paylocity's CEO &amp; @twilio's CFO. @Nasdaq's Chief Economist updates us on #Nasdaq100 &amp; ETF trends. @GerberKawasaki analyzes $TSLA $NFLX &amp; $DIS. WATCH the show here! https://t.co/j4pCJARBHv $PCTY $TWLO $ZM $DOCU $QQQ https://t.co/j2evZYtp7v,Investors.com,07/07/2020,2,Tweet,2,4,video
NFLX,"RT @edmundlee : A longstanding gripe around Nielsen ratings is they’re not good at measuring streamers. Netflix doesn’t make more money when people watch more content. It cares about subs.

So what counts as a streaming hit?
@ParrotAnalytics says it’s solved that mystery: https://t.co/F1MCxsKUL7",NYT Business,08/07/2020,0,Retweet,0,1,
NFLX,"Netflix, Disney+, HBO Max and other streamers don't have ads; they make money when people sign up. So how do you measure a hit on streaming? This start-up says it has the answer:https://t.co/rw74ZfeNxz by @edmundlee",NYT Business,08/07/2020,2,Tweet,0,1,
NFLX,"Netflix Canceled ""The Chilling Adventures Of Sabrina""  https://t.co/1QRX3DPRrT",BuzzFeed,09/07/2020,182,Tweet,0,0,
NFLX,$NFLX earnings are right around the corner! How #Netflix is positioned heading into the quarterly report? Ross Gerber of @GerberKawasaki shares his thoughts -&gt; https://t.co/q0CHW2htH6 #TigerKing #LoveIsBlind https://t.co/ty4Ms27wdN,Investors.com,09/07/2020,0,Tweet,3,1,photo
NFLX,"Everyone's Talking About The New ""Unsolved Mysteries"" On Netflix, So I Watched It And Here Are My Thoughts On The First Episode https://t.co/MAifooG7F6",BuzzFeed,09/07/2020,17,Tweet,0,0,
NFLX,"Tesla $TSLA is now the 16th largest stock in the US with a market cap of $253 billion.  Bigger than Intel $INTC, NVIDIA $NVDA, Verizon $VA, Netflix $NFLX, Disney $DIS, AT&amp;T $T, and Coca-Cola $KO.  Still not in the S&amp;P 500.   https://t.co/prfPdeQw50 https://t.co/0iOV7DMGgU",Bespoke,09/07/2020,25,Tweet,0,0,photo
NFLX,"Tesla $TSLA is now the 16th largest stock in the US with a market cap of $253 billion.  Bigger than Intel $INTC, NVIDIA $NVDA, Verizon $VA, Netflix $NFLX, Disney $DIS, AT&amp;T $T, and Coca-Cola $KO.  Still not in the S&amp;P 500.   https://t.co/prfPdeQw50 https://t.co/0iOV7DMGgU",Bespoke,09/07/2020,25,Tweet,0,0,photo
NFLX,"The market value of Netflix surpassed Verizon’s for the first time Thursday. The streaming platform is worth $223.3 billion, while Verizon is valued at $223.2 billion. https://t.co/WThlYvZc2g",WSJ Markets,09/07/2020,2,Tweet,0,0,
NFLX,"Netflix new all-time highs. 
 
$NFLX ? 2.5% https://t.co/l1rROS77fn",Stocktwits,10/07/2020,18,Tweet,0,0,photo
NFLX,"Netflix $550  
 
$NFLX ? 8% https://t.co/VUQ6nDtT5w",Stocktwits,10/07/2020,16,Tweet,0,0,animated_gif
NFLX,"Netflix, Domino’s Pizza and 1Life Healthcare scored healthy gains Friday $DPZ $NFLX $ONEM https://t.co/h2aFYIslGk",Investors.com,10/07/2020,4,Tweet,0,0,
NFLX,"Netflix n Chill? 
 
$NFLX ? 69% YTD (nice.)",Stocktwits,10/07/2020,52,Tweet,0,0,
NFLX,And we used to laugh when Netflix passed CBS in market cap... https://t.co/Rk48sQcJqn,Jim Cramer,13/07/2020,12,Tweet,0,0,
NFLX,"Netflix, one of the best performing stocks of the S&amp;P 500 this year, is under pressure to deliver another blockbuster quarter, writes @djtgallagher for @WSJheard - https://t.co/jjAR2O4D9j",WSJ Markets,13/07/2020,3,Tweet,0,2,
NFLX,"Netflix is up 3% pre-market, ATHs 
 
$NFLX https://t.co/6yuSIuel4S",Stocktwits,13/07/2020,12,Tweet,0,0,photo
NFLX,Let's Tune Into Some Updated Netflix Charts for a New Technical Strategy: @BruceKamich  https://t.co/enaOL8N4yN,Jim Cramer,13/07/2020,2,Tweet,0,1,
NFLX,RT @TheStreet : Netflix Reports Earnings on Thursday: @EricJhonsa with 6 Important Things to Watch $NFLX  https://t.co/1s5XKor8bB,Jim Cramer,14/07/2020,0,Retweet,0,1,
NFLX,Here's our quarterly list of the most volatile stocks in reaction to earnings reports.  Netflix $NFLX is by far the largest stock on the list.  Read on: https://t.co/8HjwpqlxV3 https://t.co/9VZfsjVcVl,Bespoke,15/07/2020,5,Tweet,0,0,photo
NFLX,Here's our quarterly list of the most volatile stocks in reaction to earnings reports.  Netflix $NFLX is by far the largest stock on the list.  Read on: https://t.co/8HjwpqlxV3 https://t.co/9VZfsjVcVl,Bespoke,15/07/2020,5,Tweet,0,0,photo
NFLX,RT @IBD_ECarson : Coronavirus vaccine maker extends breakout; which stocks are going to lead the market rally? $AZN $AAPL $DPZ $NFLX $JNJ $ABT $MRNA $TSM $MS $BAC https://t.co/egAkyJg7hQ https://t.co/bQBdHoMEFn,Investors.com,16/07/2020,0,Retweet,0,0,animated_gif
NFLX,RT @TheStreet : Here's what has @JimCramer a little worried about Netflix ahead of $NFLX earnings after the bell today: https://t.co/qGg7BnfYg6,Jim Cramer,16/07/2020,0,Retweet,0,1,
NFLX,RT @edmundlee : Netflix reports earnings after the bell... $nflx forecast 7.5mm new subs but that’s “mostly guesswork” ... here’s what else to look for: https://t.co/XF37aWO5ES ... (btw @oldguardmovie is good),NYT Business,16/07/2020,0,Retweet,0,1,
NFLX,RT @TheStreet : .@EricJhonsa with your Netflix Q2 Earnings Live Blog $NFLX https://t.co/5fvb85YVTs,Jim Cramer,16/07/2020,0,Retweet,0,1,
NFLX,$NFLX first move lower. https://t.co/ePY5VaweAl https://t.co/MZXCrSxckk,Stocktwits,16/07/2020,14,Tweet,0,0,photo
NFLX,$NFLX https://t.co/pLk9p4nEi7,Sven Henrich,16/07/2020,83,Tweet,0,0,photo
NFLX,$NFLX https://t.co/pLk9p4nEi7,Sven Henrich,16/07/2020,83,Tweet,0,0,photo
NFLX,When will the Fed start buying $NFLX subscriptions?,Sven Henrich,16/07/2020,278,Tweet,0,0,
NFLX,When will the Fed start buying $NFLX subscriptions?,Sven Henrich,16/07/2020,278,Tweet,0,0,
NFLX,"6 days ago Goldman upgraded $NFLX raising its price target to $670
https://t.co/vNM4PtMqQU https://t.co/g9aUTXEvj5",Sven Henrich,16/07/2020,50,Reply,0,0,photo
NFLX,"6 days ago Goldman upgraded $NFLX raising its price target to $670
https://t.co/vNM4PtMqQU https://t.co/g9aUTXEvj5",Sven Henrich,16/07/2020,50,Reply,0,0,photo
NFLX,$NFLX https://t.co/hTdLK31Zzw,Stocktwits,16/07/2020,69,Tweet,0,0,photo
NFLX,I am sure there will be people who freak out about Netflix and then we get another decline in the Nasdaq. I was not a fan of Netflix running into the print and this selloff is not surprising.,Jim Cramer,16/07/2020,27,Tweet,0,0,
NFLX,"Netflix Screws The Pooch 
 
$NFLX https://t.co/MrSM9YqJfv https://t.co/4SJlJc4rtw",Stocktwits,16/07/2020,19,Tweet,0,0,animated_gif
NFLX,"Here's Everything New Coming To Netflix This Week, Starting July 16 https://t.co/weQhqnKVSJ",BuzzFeed,16/07/2020,2,Tweet,0,0,
NFLX,"Netflix blew away subscriber growth targets again, but quickly threw cold water on the outlook for the rest of the year. @djtgallagher for @WSJheard explains: https://t.co/yGHJ0HHLev",WSJ Markets,16/07/2020,3,Tweet,0,2,
NFLX,"Netflix posted another boom in paid subscriber growth for the second quarter, but it expects growth in the third quarter to decelerate significantly. https://t.co/tbi2OnVG5h",WSJ Markets,16/07/2020,2,Tweet,0,0,
NFLX,"Netflix is down 8% following last night's earnings.  
 
$NFLX is trading at levels not seen since July 6th. https://t.co/xKuxtvhv2M",Stocktwits,17/07/2020,13,Tweet,0,0,photo
NFLX,"Following its stellar forecast on $NFLX Goldman now makes a forecast on a vaccine:

https://t.co/EICbyfDQsu https://t.co/BOKLTTQ3Cd",Sven Henrich,17/07/2020,8,Reply,0,0,
NFLX,"Following its stellar forecast on $NFLX Goldman now makes a forecast on a vaccine:

https://t.co/EICbyfDQsu https://t.co/BOKLTTQ3Cd",Sven Henrich,17/07/2020,8,Reply,0,0,
NFLX,I do like Netflix--go read the letter and then watch the call and i think you will believe this is Clorox at $180...,Jim Cramer,17/07/2020,14,Tweet,0,0,
NFLX,I said don't buy Netflix ahead of the quarter but listen to the call and i thought it was a great one https://t.co/Y232Tiq893,Jim Cramer,17/07/2020,3,Tweet,0,0,
NFLX,"As we highlighted in our COTD on Wednesday, Q2 has historically been Netflix's $NFLX worst quarter for earnings.  Has averaged a one-day decline of 6.12% on Q2 earnings.  Currently down 6.7% pre-mkt.  https://t.co/nwujVm8rP4 https://t.co/iHroOjploS",Bespoke,17/07/2020,1,Tweet,0,0,photo
NFLX,"As we highlighted in our COTD on Wednesday, Q2 has historically been Netflix's $NFLX worst quarter for earnings.  Has averaged a one-day decline of 6.12% on Q2 earnings.  Currently down 6.7% pre-mkt.  https://t.co/nwujVm8rP4 https://t.co/iHroOjploS",Bespoke,17/07/2020,1,Tweet,0,0,photo
NFLX,"Note that Q4 is actually the only quarter that Netflix $NFLX has seen a positive one-day average gain on earnings.  It's a big one too, +10.4%.  Q1, Q2, and Q3 have all averaged declines. https://t.co/yFMpZy8RZ5",Bespoke,17/07/2020,1,Reply,0,0,photo
NFLX,"Note that Q4 is actually the only quarter that Netflix $NFLX has seen a positive one-day average gain on earnings.  It's a big one too, +10.4%.  Q1, Q2, and Q3 have all averaged declines. https://t.co/yFMpZy8RZ5",Bespoke,17/07/2020,1,Reply,0,0,photo
NFLX,RT @TheStreet : .@JimCramer has a new approach to Netflix $NFLX subscribers: https://t.co/MN5fWJwAWU,Jim Cramer,17/07/2020,0,Retweet,0,1,
NFLX,"Stocks act well; Netflix falls, Intuitive Surgical jumps, Home Depot hits buy zone $NFLX $ISRG $HD https://t.co/FVA6cgI3ks",Investors.com,17/07/2020,5,Tweet,0,0,
NFLX,"'Immigration Nation': New Netflix series gives ""unprecedented"" inside look into ICE operations https://t.co/GPU4s4k4lX",Newsweek,22/07/2020,62,Tweet,0,0,
NFLX,The New August Netflix Titles Are Here And There’s So Much Great Stuff https://t.co/1rgzNuJi3Q,BuzzFeed,22/07/2020,5,Tweet,0,0,
NFLX,Here Are The 42 Netflix Titles Leaving In August https://t.co/cWnCNcjTpg,BuzzFeed,22/07/2020,4,Tweet,0,0,
NFLX,"27 Tweets About Netflix's ""Indian Matchmaking"" For Anyone Obsessed With The Show https://t.co/3Zu2v6glKo",BuzzFeed,22/07/2020,20,Tweet,0,0,
NFLX,"RT @conorsen : @TheStalwart Interesting how $NFLX, $MSFT, and $TSLA have all been red on earnings, but the Nasdaq mostly keeps rolling.",Joe Weisenthal,23/07/2020,0,Retweet,0,1,
NFLX,RT @SarahPonczek : Fang stocks down for a 4th straight day. That's the longest streak since February 25 $FB $AMZN $NFLX $GOOG,Joe Weisenthal,24/07/2020,0,Retweet,0,0,
NFLX,may they never visit their parents after visiting that pool....at least without 14 days of quarantining. What a nightmare.. 14 days of a lot of Netflix though... https://t.co/YxMXwiHO9l,Jim Cramer,27/07/2020,3,Tweet,0,0,
NFLX,"Viewers Binged Netflix's ""Indian Matchmaking"" But For Some, The Show Brought Up Painful Memories https://t.co/YPsrCFo7MD",BuzzFeed,28/07/2020,6,Tweet,0,0,
NFLX,"""Last Chance U:: Will there be a Season 6 of Laney College Netflix show? https://t.co/1HxCUtMbs0",Newsweek,29/07/2020,1,Tweet,0,0,
NFLX,Bank stocks aren’t getting the market love Netflix and Amazon are commanding. Their supporters say just treat them like normal companies and there’d be a big rally. https://t.co/xQgDLAn9Bi,WSJ Markets,31/07/2020,2,Tweet,0,0,
NFLX,23 Incredible Shows on Netflix For Anyone Who Feels Like They’ve Watched Everything https://t.co/LFibwBrCQa,BuzzFeed,31/07/2020,58,Tweet,0,0,
NFLX,"Netflix’s ""Umbrella Academy"" takes on the 1960s— and becomes unexpectedly relevant to 2020 https://t.co/EyWbWTu307",The Washington Post,31/07/2020,34,Tweet,0,0,
NFLX,Listen: This New Netflix Show Will Explain How Dust From Dead Fish Gave Us A Rainforest https://t.co/US3N3ZWxke,BuzzFeed,31/07/2020,1,Tweet,0,0,
NFLX,"Netflix’s ""Umbrella Academy"" takes on the 1960s— and becomes unexpectedly relevant to 2020 https://t.co/y26tjOfSJe",The Washington Post,03/08/2020,261,Tweet,0,0,
NFLX,"Sam Jay on her bold Netflix stand-up special, vulnerability onstage and writing for the most diverse SNL cast yet https://t.co/I6a0IlPV4O",The Washington Post,06/08/2020,12,Tweet,0,0,
NFLX,"Watching Jurassic Park on Netflix, forgot how formative and essential this movie was for Our Generarion",Wu-Tang Financial ??,10/08/2020,10,Tweet,0,0,
NFLX,"RT @WWEPR : .@WWETheBigShow spoke with @Newsweek about #TheBigShowShow, the series epic crossover event, cameo appearances from @WWE Legends and what it is like working with @jaleelwhite. 

Game On: A Comedy Crossover Event is available now on @netflix. 

https://t.co/jxGDI2yfDF",Newsweek,12/08/2020,0,Retweet,1,5,
NFLX,"Before the rise of Power Point presentations and Netflix, ferocious executives like Sumner Redstone ran Hollywood https://t.co/1C6GsHfPAR",NYT Business,12/08/2020,3,Tweet,0,0,
NFLX,"Oh No, The Original ""Avatar: The Last Airbender"" Creators Left The Netflix Live-Action Version https://t.co/7Te07knPsa",BuzzFeed,12/08/2020,29,Tweet,0,0,
NFLX,"This Is Why Netflix Needs To Give Kyoshi From ""Avatar: The Last Airbender"" Her Own Series https://t.co/cXkIntgce2",BuzzFeed,13/08/2020,43,Tweet,0,0,
NFLX,The New September Netflix Titles Are Here And There's Lots Of Great Stuff https://t.co/RfSwKUmNm5,BuzzFeed,19/08/2020,7,Tweet,0,0,
NFLX,Here Are The 42 Netflix Titles Leaving In September https://t.co/ARm6Bl2t4X,BuzzFeed,19/08/2020,13,Tweet,0,0,
NFLX,"Literally me watching Netflix.

Thanks to: 
https://t.co/BkCOyNSV7I
https://t.co/tMpVonOhPn https://t.co/hUo3zuQzaV",BuzzFeed,19/08/2020,46,Tweet,0,0,video
NFLX,Netflix’s 'Million Dollar Beach House' star: Hamptons one of the only markets that's 'really robust' https://t.co/k8UoRC3DD0 by @sarahapaynter https://t.co/Jj6Y0CGBYz,Yahoo Finance,22/08/2020,2,Tweet,0,1,photo
NFLX,Netflix’s 'Million Dollar Beach House' star: Hamptons one of the only markets that's 'really robust' https://t.co/k8UoRC3DD0 by @sarahapaynter https://t.co/9kLkzOPLhz,Yahoo Finance,23/08/2020,2,Tweet,0,1,photo
NFLX,"There's A New Barbie Moving Coming To Netflix And I, For One, Am Very Excited https://t.co/d8DaAXX4Yx",BuzzFeed,24/08/2020,19,Tweet,0,0,
NFLX,"In the spotlight with a Netflix show, India’s elite matchmakers reinvent an age-old tradition https://t.co/w9Rat2SXmu",The Washington Post,25/08/2020,14,Tweet,0,0,
NFLX,"Facebook +5% 
Adobe +6.5% 
Netflix +7.5% 
Salesforce +25% 
 
$FB $ADBE $NFLX $CRM https://t.co/RYThzF6xXH",Stocktwits,26/08/2020,41,Tweet,0,0,photo
NFLX,https://t.co/wtLoEF4s2t set the tone at the open as the Nasdaq moved strongly higher $CRM $COUP $NFLX https://t.co/pQEbTnoiOn,Investors.com,26/08/2020,3,Tweet,0,0,
NFLX,"RT @taralach : $NFLX surged 12% today, the most in three years

Netflix built a moat even Warren Buffett would envy: https://t.co/gue7Ra8rPp via @bopinion",Joe Weisenthal,26/08/2020,0,Retweet,0,1,
NFLX,"Ayo Edebiri Will Replace Jenny Slate As Missy On Netflix's ""Big Mouth"" https://t.co/65vdE97Dyj",BuzzFeed,28/08/2020,19,Tweet,0,0,
NFLX,"Literally me watching Netflix.

Thanks to: 
https://t.co/BkCOyNSV7I
https://t.co/tMpVonOhPn https://t.co/QZNgTwQTIo",BuzzFeed,31/08/2020,35,Tweet,0,0,video
NFLX,"New for subscribers:  Netflix's growth is slowing, but the stock is still a buy, JPMorgan says https://t.co/twOLU4NhH2 Check out @CNBCPro today.",CNBC,31/08/2020,5,Tweet,0,1,
NFLX,"RT @CNBCFastMoney : Are you in camp NOMO, or MOMO? The traders weigh in on whether they think $PTON $DOCU $NFLX $NVDA are rallying on momentum or strong fundamentals. https://t.co/psG4hfTdTG",CNBC,01/09/2020,0,Retweet,0,0,video
NFLX,"Prince Harry and Meghan have a Netflix deal. As producers, they have an animated series in the works and plan to make documentaries and feature films. https://t.co/6gUI1p5i9E",NYT Business,02/09/2020,104,Tweet,0,0,
NFLX,Prince Harry and Meghan sign production deal with Netflix https://t.co/V8zNgadJHF,CNBC,02/09/2020,8,Tweet,0,0,
NFLX,"Prince Harry and Meghan have a Netflix deal. As producers, they have an animated series in the works and plan to make documentaries and feature films. https://t.co/OXPlTpxqJS",NYT Business,02/09/2020,3,Tweet,0,0,
NFLX,"Prince Harry and his wife, Meghan, have founded a yet-to-be-named production company and signed a multiyear deal with Netflix, which will pay them to make documentaries, docu-series, feature films, scripted shows and children’s programming. https://t.co/DlRsjGpLDs",NYT Business,03/09/2020,2,Tweet,0,0,
NFLX,"Netflix was 'one of my great mistakes,' says billionaire investor Mario Gabelli https://t.co/2eqWYarxca by @MaxZahn_ and @serwer https://t.co/WRjK8RTfVv",Yahoo Finance,03/09/2020,3,Tweet,0,2,photo
NFLX,Why @mariogabelli says 'one of his great mistakes' involves Netflix. Watch Mario’s #Influencers interview now: https://t.co/IY9AF09QpX https://t.co/3RRTEK8KHw,Yahoo Finance,03/09/2020,1,Tweet,1,1,photo
NFLX,"FAANG today: 
 
$FB -4% 
$AAPL -6.5% 
$AMZN -5% 
$NFLX -5 
$GOOGL -5% 
 
FAANG YTD: 
 
$FB +41% 
$AAPL +67% 
$AMZN +81% 
$NFLX +62% 
$GOOGL +22%",Stocktwits,03/09/2020,79,Tweet,0,0,
NFLX,What To Watch On Netflix This Week Other Than “Away” https://t.co/lGojLcHh5h,BuzzFeed,03/09/2020,2,Tweet,0,0,
NFLX,"Netflix was 'one of my great mistakes,' says billionaire investor Mario Gabelli https://t.co/2eqWYarxca by @MaxZahn_ and @serwer https://t.co/geNnIxObKS",Yahoo Finance,03/09/2020,1,Tweet,0,2,photo
ROKU,Breakout stocks up the most since yesterday https://t.co/NQUVuLhzvH $ROKU $REPH $CLSD  at  8:12am pst,Top Breakout Stocks,09/08/2019,0,Tweet,0,0,
ROKU,"Nasdaq tests 50-day: Apple news slams rivals, Shopify dives, Ally is a buy $AAPL $ROKU $SHOP $ALLY Sponsored by Interactive Brokers @ibkr https://t.co/MqIiZ0XJ7o",Investors.com,10/09/2019,12,Tweet,0,1,
ROKU,"RT @IBD_ECarson : Apple has gradually outperformed the broader market in 2019, but it had lagged the big winners. Well, those big winners are now suffering massive losses.  https://t.co/AoqLpu7zFb $AAPL $RH $ZS $ROKU $ALLY https://t.co/G9aktehMey",Investors.com,11/09/2019,0,Retweet,0,0,photo
ROKU,"Quarter point cut from Fed didn’t stop a market sell off but stock rebounded into the close. ZTO Express, Owens Corning and Roku in focus. $ZTO $OC $ROKU Sponsored by Interactive Brokers @ibkr https://t.co/iU9d5FzzJa",Investors.com,18/09/2019,6,Tweet,0,1,
ROKU,"New breakout highs for $FEYE, $ROKU, $TGT, $GLP https://t.co/qwCj3iCBfg",Top Breakout Stocks,09/10/2019,0,Tweet,0,0,
ROKU,"$FEYE, $ROKU, $TGT, $RDVT, $UEC hit new breakout highs  https://t.co/qwCj3iCBfg",Top Breakout Stocks,09/10/2019,1,Tweet,0,0,
ROKU,Top performing breakout stocks since yesterday https://t.co/NQUVuLhzvH $ROKU $NMM $PNTG  at  8:18am pst,Top Breakout Stocks,10/10/2019,0,Tweet,0,0,
ROKU,"RT @IBD_ECarson : FANG Stock Soars On Earnings, But This Loser Hits Dow Futures https://t.co/ncGfAX7iTc $NFLX $AAPL $DIS $IBM $AA $CSX $ROKU https://t.co/YvN2VHxe6f",Investors.com,17/10/2019,0,Retweet,0,0,photo
ROKU,"S&amp;P 500 hits record high as Microsoft breaks out, Roku rallies, AMD nears buy point $MSFT $ROKU $AMD Sponsored by Interactive Brokers. @IBKR https://t.co/g6ZYRkpw8m",Investors.com,28/10/2019,4,Tweet,0,1,
ROKU,"Join the free IBD Live stream tomorrow starting 10 mins before market open: https://t.co/wVo7SpNxC5
Expect lots of discussion on tonight's earnings announcements for $ROKU and $CVNA.

#IBDLive https://t.co/bfoIm5sX6d",Investors.com,06/11/2019,3,Tweet,1,0,photo
ROKU,"RT @IBD_ECarson : After Hours: Four top stocks are signaling breakouts on earnings, but it might be time to reset $ROKU. https://t.co/tPBnxPaPb2 $DXCM $QCOM $ELF $CVNA $FISV $EXPE (Expect a deep dive of these big movers on #IBDLive tomorrow morning.) https://t.co/pQ6pW7PjDN",Investors.com,06/11/2019,0,Retweet,1,0,photo
ROKU,RT @IBD_ECarson : Dow Jones Futures Rally On China Trade News; Four Stocks Eye Breakouts - Should be a fun IBD Live this morning!  https://t.co/Vr3vZuR2tb $ROKU $CVNA $QCOM $ELF $FISV $EXPE $DXCM #IBDLIVE https://t.co/LHWRMuYnan,Investors.com,07/11/2019,0,Retweet,1,0,photo
ROKU,"For insights on the recent bull run, analysis of $DIS and $NFLX w/ @Randy_Watts_ of @williamoneilco, and dividend #ETF strategies w/ @SimeonHyman of  @ProSharesETF, watch #InvestingStrategies with IBD at @Nasdaq! Full episode: https://t.co/fTkEbSPypr $ROKU #NOBL https://t.co/fefOwxXBNw",Investors.com,19/11/2019,6,Tweet,3,5,video
ROKU,"RT @IBD_ECarson : After Hours: Roku hits new buy point. $ROKU is up 436% in 2019, but mind the wild, deep base. https://t.co/UIKnDjAXfp $DIS $VEEV $ADSK $BA $DELL $VMW https://t.co/HYVxNBZjDk",Investors.com,27/11/2019,0,Retweet,0,0,photo
ROKU,???? breakout alert on $ROKU - possible buy here but @IBD_DChung says it may be smart to temper your expectations here. #IBDLive,Investors.com,27/11/2019,3,Tweet,1,1,
ROKU,In #IBDLive Happy Thanksgiving all! Some of the key #stocks discussed today include $VEEV $ADSK $ROKU $JBL Pls check out our 75-minute-plus livecast via @zoom_us here,Investors.com,27/11/2019,0,Tweet,2,1,
ROKU,"Stocks rally into holiday: Autodesk, Axon test buy points, Roku breakout fizzles $ADSK $AAXN $ROKU Sponsored by Interactive Brokers. @IBKR https://t.co/1DsCu1DHGS",Investors.com,27/11/2019,1,Tweet,0,1,
ROKU,RT @IBD_ECarson : After Hours: Another Trade War? Coupa Software Is Key Earnings Mover https://t.co/24ysuvI1CE $COUP $AAPL $AMD $DXCM $ROKU $TTD https://t.co/Px9n1HeYnl,Investors.com,03/12/2019,0,Retweet,0,0,photo
ROKU,RT @IBD_ECarson : Trump Says He May Prefer China Trade Deal After The 2020 Election; Futures Fall https://t.co/sWaFVHosI6 $AMD $AAPL $BABA $ROKU $COUP $TTD https://t.co/KR5zzTivTs,Investors.com,03/12/2019,0,Retweet,0,0,photo
ROKU,"IBD Live is on! The show where we help you make more money in the stock market... or on days like today, pare your losses ????

Tickers on the board this morning: $ROKU, $PAAS, $AG, $VIX

Tune into the live stream here: 
https://t.co/wVo7SpNxC5 
Questions welcome! #IBDLive",Investors.com,03/12/2019,2,Tweet,1,0,
ROKU,"$ROKU Earnings  
  
EPS: ($0.13) vs ($0.14) est.  
Revs: $411.2M vs $392M est.   
  
First move higher.",Stocktwits,13/02/2020,5,Tweet,0,0,
ROKU,"RT @IBD_ECarson : After Hours: Leaderboard Stocks Nvidia, Dexcom Soar On Earnings; Futures Rise https://t.co/9UKE4iw3IS $NVDA $DXCM $ROKU $DDOG $AYX https://t.co/XpPF2riunT",Investors.com,14/02/2020,0,Retweet,0,0,photo
ROKU,"We’re live! Tune into IBD Live here: https://t.co/wVo7SpNxC5 

Stocks in discussion on today’s show:
$NVDA $AMD $ROKU $TSLA 

#IBDLive",Investors.com,14/02/2020,0,Tweet,1,0,
ROKU,"Following the earnings gap higher, $ROKU is now down 5.5%. 

Here's a 5-minute chart: https://t.co/Z08nh6oXud",Stocktwits,14/02/2020,6,Tweet,0,0,photo
ROKU,"Roku $ROKU opened up $10, now down $10.",Bespoke,14/02/2020,1,Tweet,0,0,
ROKU,"Roku $ROKU opened up $10, now down $10.",Bespoke,14/02/2020,1,Tweet,0,0,
ROKU,"$PBR, $XLF, $GE, $CDE, $COLD, $GS, $ROKU breaking down to new lows https://t.co/QwuvEYCya1",Top Breakout Stocks,22/02/2020,0,Tweet,0,0,
ROKU,"Trending on Stocktwits...

$ROKU +14% 

Roku added ~3 million new users in the first quarter and issued strong sales forecast for Q1. https://t.co/8QqzVKLDnc",Stocktwits,14/04/2020,10,Tweet,0,0,photo
ROKU,"Trending on Stocktwits...

$ROKU ? 11% https://t.co/FZO7liNBlH",Stocktwits,16/04/2020,9,Tweet,0,0,animated_gif
ROKU,"$CODX, $SNGX, $EDNT, $NOK, $MSFT, $ROKU hit new breakout highs  https://t.co/qwCj3iCBfg",Top Breakout Stocks,17/04/2020,1,Tweet,0,0,
ROKU,$ROKU Q1 2020 Highlights https://t.co/3SpNU1tivo,Stocktwits,07/05/2020,11,Tweet,0,0,photo
ROKU,RT @IBD_ECarson : Futures jump ahead of historic jobs report; five stocks that just broke out are big earnings movers https://t.co/OxwrGHFqRk $ROKU $TTD $PODD $AVLR $QLYS $IPHI $AAPL $MSFT $NOW https://t.co/9NqQVJKOt6,Investors.com,08/05/2020,0,Retweet,0,0,photo
ROKU,RT @IBD_ECarson : Futures rally into huge jobs report; will Tesla Fremont reopen today despite local order? https://t.co/ONJBXH0Ey1 $TSLA $TTD $ROKU $IPHI $PODD $AVLR $QLYS https://t.co/9z4oEoeg5U,Investors.com,08/05/2020,0,Retweet,0,0,photo
ROKU,"Trending on Stocktwits:

$ROKU ? 7% pre-market after last night's earnings. https://t.co/bBmt0hcakh",Stocktwits,08/05/2020,1,Tweet,0,0,photo
ROKU,Heard on the Street: HBO Max’s dispute with Roku and Amazon risks confusion in an already cluttered marketplace for streaming services https://t.co/O2bJU7q422,WSJ Markets,29/05/2020,1,Tweet,0,0,
ROKU,"$LLY, $PHUN, $ROKU, $CLIR, $IQ hit new breakout highs  https://t.co/qwCj3iCBfg",Top Breakout Stocks,17/06/2020,1,Tweet,0,0,
ROKU,The Charts Show That Roku's Ready to Stream to New Highs - @BruceKamich  https://t.co/555XzaDYTW,Jim Cramer,22/06/2020,15,Tweet,0,1,
ROKU,"Peloton Launches on the Roku Platform

$ROKU $PTON https://t.co/vFcykW3jXu",Stocktwits,01/07/2020,9,Tweet,0,0,
ROKU,"Roku is trading at its highest level since September 2019. 
 
$ROKU reports earnings AMC. https://t.co/IbOHqd2Y6l",Stocktwits,05/08/2020,7,Tweet,0,0,photo
ROKU,Roku beats quarterly revenue estimates https://t.co/srzmQxxgFi https://t.co/possPMJHhp,Yahoo Finance,05/08/2020,4,Tweet,0,0,photo
ROKU,"RT @IBD_ECarson : After Hours: Big 2020 Winner Fastly Dives On Earnings; Three Stocks Near Buy Areas 
https://t.co/xeX2F9GM28 $FSLY $ROKU $HUBS $ZNGA https://t.co/llbryDi5gX",Investors.com,05/08/2020,0,Retweet,0,0,animated_gif
ROKU,"Charting the Dow, Job Creation, Washington Deal or No Deal? Roku's Problem - @Sarge986 with your Market Recon  https://t.co/NVr0J8ZnuG",Jim Cramer,06/08/2020,2,Tweet,0,1,
ROKU,$ROKU is down 5% pre-market after last night's earnings. https://t.co/XKn8lgmTg4,Stocktwits,06/08/2020,1,Tweet,0,0,photo
ROKU,$ROKU ? 10% https://t.co/f7cK3o2UTg,Stocktwits,26/08/2020,12,Tweet,0,0,photo
ROKU,RT @CNBCFastMoney : Seventy million active accounts by 2022? That was enough to send Roku shares over 11% higher today. Are you buying Citi's call? $ROKU https://t.co/y0r9cj5A4u https://t.co/jj51UBaKye,CNBC,26/08/2020,0,Retweet,0,0,photo
ROKU,"RT @HalftimeReport : #UnusualActivity in $ROKU and $SBUX.

Check out @JonNajarian's trades on those, plus @JLebenthal's take! https://t.co/5ckewFOi4r",CNBC,28/08/2020,0,Retweet,1,2,video
SPOT,"Last episode of @welt podcast Deffner &amp; Zschäpitz in this decade. Out tomorrow on Apple Podcast, Spotify, and wherever podcasts are available. @ WELT Fernsehen https://t.co/4nKGC1vp3E",Holger Zschaepitz,30/12/2019,2,Tweet,0,1,
SPOT,"Last episode of @welt podcast Deffner &amp; Zschäpitz in this decade. Out tomorrow on Apple Podcast, Spotify, and wherever podcasts are available. @ WELT Fernsehen https://t.co/4nKGC1vp3E",Holger Zschaepitz,30/12/2019,2,Tweet,0,1,
SPOT,"RT @Trade_The_News : $SPOT Reports Q4 -€1.14 v -€0.43e, Rev €1.86B v €1.89Be

- Guides Q1 Total Monthly Active Users 279-289M
- Guides initial FY20 Total Rev €8.08-8.48B v €8.44Be
- Total MAUs 271M v 264.6Me
- Premium Subscribers 124M v 122.6Me
(More at https://t.co/PKv2mDbswQ)",Stocktwits,05/02/2020,0,Retweet,0,0,
SPOT,"Stocktwits Trending Tickers BMO 2/5/2020 
 
$F 7.8% Guidance lower after earnings miss.  
$CMG +1.9% Earnings beat leading to new highs.  
$SPOT -3.2% Rev miss, added more subs than expected.  
$SNAP -7.4% Rev miss, beat on DAU.  
$DIS +0.25% Earnings beat, Dinsey+ w/ 28M+ subs.",Stocktwits,05/02/2020,6,Tweet,0,0,
SPOT,"""Spotify has now spent more than $600 million to acquire four companies that can accelerate its podcasting business -- the Ringer, Gimlet Media, Anchor and Parcast."" via @Lucas_Shaw 

$SPOT
https://t.co/6peQnnA6lh",Stocktwits,11/02/2020,13,Tweet,0,1,
SPOT,"podcasting companies: We need to expand --

$SPOT: https://t.co/sFQm19lg0e",Investors.com,11/02/2020,1,Tweet,0,0,animated_gif
SPOT,"Don‘t mess with the bears. Don’t miss our new @welt Podcast #deffnerundzschaepitz. You can find that on Apple Podcast, Spotify, Google Podcast or wherever good podcasts can be found. @ Berlin, Germany https://t.co/ljgGuU93bn",Holger Zschaepitz,08/04/2020,2,Tweet,1,1,
SPOT,"Don‘t mess with the bears. Don’t miss our new @welt Podcast #deffnerundzschaepitz. You can find that on Apple Podcast, Spotify, Google Podcast or wherever good podcasts can be found. @ Berlin, Germany https://t.co/ljgGuU93bn",Holger Zschaepitz,08/04/2020,2,Tweet,1,1,
SPOT,$SPOT first move higher. https://t.co/Ie4mdou01G,Stocktwits,29/04/2020,1,Tweet,0,0,
SPOT,"RT @OpenOutcrier : $SPOT Joe Rogan’s podcast is becoming a Spotify exclusive - TheVerge

https://t.co/pDE6dkU7Ag",Stocktwits,19/05/2020,0,Retweet,0,0,
SPOT,Can You Hear It? Spotify Is Making a Major Upside Breakout via @BruceKamich https://t.co/abVpCLKJ5g,Jim Cramer,19/05/2020,1,Tweet,0,1,
SPOT,I have been a huge fan of Spotify all along. makes sense... https://t.co/oz7B2eJrLE,Jim Cramer,20/05/2020,1,Tweet,0,0,
SPOT,"Despite Warner’s strong debut, the market still values it at a notable discount to Spotify https://t.co/OQqQ5Iih5l",WSJ Markets,04/06/2020,1,Tweet,0,0,
SPOT,Good to see Spotify getting its due,Jim Cramer,17/06/2020,4,Tweet,0,0,
SPOT,"Kim Kardashian West Signs Exclusive Podcast Deal With Spotify

$SPOT ? 2.9% pre-market.
https://t.co/YFwmN9FplD",Stocktwits,18/06/2020,15,Tweet,0,0,
SPOT,"Spotify's market cap is over $40B.  
 
$SPOT ? 9% https://t.co/ai6Uy2hEuW",Stocktwits,18/06/2020,15,Tweet,0,0,photo
SPOT,Paylocity cleared a buy point Wednesday and Spotify soared to a new high $PCTY $SPOT $WST https://t.co/fe8FgEzS3R,Investors.com,18/06/2020,2,Tweet,0,0,
SPOT,"Spotify’s Murderers’ Row 
 
$SPOT is up 53% since it’s podcast acquisition spree began. 
 
Read more: https://t.co/rFcs0crkWH https://t.co/85Gtd1g22e",Stocktwits,18/06/2020,29,Tweet,0,0,photo
SPOT,"RT @Stocktwits : Spotify’s Murderers’ Row 
 
$SPOT is up 53% since it’s podcast acquisition spree began. 
 
Read more: https://t.co/rFcs0crkWH https://t.co/85Gtd1g22e",Stocktwits,19/06/2020,0,Retweet,0,0,photo
SPOT,"Spotify is already up 25% this week.  
 
$SPOT ? 3.8% pre-market. https://t.co/In7PolDuzV",Stocktwits,19/06/2020,10,Tweet,0,0,photo
SPOT,$SPOT https://t.co/wGQBtCjxhV,Stocktwits,19/06/2020,24,Tweet,0,0,photo
SPOT,"Spotify is up another 8%.  
 
$SPOT ? 70% YTD. https://t.co/k8QvzE26kR",Stocktwits,23/06/2020,14,Tweet,0,0,animated_gif
SPOT,"RT @TheStreet : .@JimCramer likes Spotify, but he's quick to say it's still no FAANG stock https://t.co/Av7JReCgDY",Jim Cramer,23/06/2020,0,Retweet,0,1,
SPOT,What Next for Spotify and Its Podcasting-Infused Momentum? @BruceKamich takes a look: https://t.co/vUzFBnKU6Z,Jim Cramer,23/06/2020,2,Tweet,0,1,
SPOT,"Proprietary equity trader and co-author of “The Lifecycle Trade” Kathy Donnelly joins @IBD_Irusha #investingwithIBD podcast this week to discuss current markets and post-analysis trades. Plus, we chat $SPOT, $PING $TWLO Check it out here! --&gt; https://t.co/nbkaKJjFS6 https://t.co/hlN54Jgqzk",Investors.com,25/06/2020,8,Tweet,1,1,video
SPOT,"Proprietary equity trader and co-author of “The Lifecycle Trade” Kathy Donnelly joins @IBD_Irusha #investingwithIBD podcast this week to discuss current markets and post-analysis trades. Plus, we chat $SPOT, $PING $TWLO. --&gt; https://t.co/nbkaKJjFS6 https://t.co/Ihyq7AI6fT",Investors.com,25/06/2020,0,Tweet,1,1,video
SPOT,"Proprietary equity trader and co-author of “The Lifecycle Trade” Kathy Donnelly joins @IBD_Irusha #investingwithIBD podcast this week to discuss current markets and post-analysis trades. Plus, we chat $SPOT, $PING $TWLO Check it out here! --&gt; https://t.co/nbkaKJjFS6 https://t.co/bvmXyhYZRb",Investors.com,26/06/2020,0,Tweet,1,1,photo
SPOT,"Proprietary equity trader and co-author of “The Lifecycle Trade” Kathy Donnelly joins @IBD_Irusha #investingwithIBD podcast this week to discuss current markets and post-analysis trades. Plus, we chat $SPOT, $PING $TWLO Check it out here! --&gt; https://t.co/nbkaKJjFS6 https://t.co/EqhRGMq0Iw",Investors.com,26/06/2020,3,Tweet,1,1,video
SPOT,"Proprietary equity trader and co-author of “The Lifecycle Trade” @KGD_Investor joins @IBD_Irusha #investingwithIBD podcast this week to discuss current markets and post-analysis trades. Plus, we chat $SPOT, $PING $TWLO. --&gt; https://t.co/nbkaKJjFS6 https://t.co/pjZZTqNtw0",Investors.com,27/06/2020,3,Tweet,1,2,photo
SPOT,"Spotify stock has run up on podcast investments, even as the payoff remains distant https://t.co/CpCEGWTcVd",WSJ Markets,30/06/2020,1,Tweet,0,0,
SPOT,"Spotify's podcasting deals with Joe Rogan, Kim Kardashian and DC comics have boosted the music streamer's market value by 64%. But revenue estimates for next year have gone up only 2%, making the payoff unclear, @djtgallagher writes for @WSJheard - https://t.co/Yn9F1KOU9a",WSJ Markets,30/06/2020,0,Tweet,0,2,
SPOT,"Spotify Is Planning On Becoming A Competitor For Youtube

$SPOT https://t.co/gqNDGXMVy0",Stocktwits,02/07/2020,25,Tweet,0,0,
SPOT,"Spotify and Universal Music Group Ink Multi-Year Global Licensing Deal

$SPOT ? 5% pre-market
https://t.co/f9kf0y7y31",Stocktwits,22/07/2020,8,Tweet,0,0,
SPOT,"Since I'm never going to do it myself, here's my billion-dollar startup idea for someone to take:

A company that will take your playlist on Spotify, and then send it as a gift to someone on a cassette alongside a Walkman. People would love that.",Joe Weisenthal,23/07/2020,10,Tweet,0,0,
SPOT,Documents reveal the behind-the-scenes battle between Spotify and Apple that lead to an antitrust investigation https://t.co/dcrUCYJO4H by @DanielHowley https://t.co/LQGRmukJBC,Yahoo Finance,03/08/2020,5,Tweet,0,1,photo
SPOT,Documents reveal the behind-the-scenes battle between Spotify and Apple that lead to an antitrust investigation https://t.co/dcrUCYJO4H by @DanielHowley https://t.co/kcUt5VdQfI,Yahoo Finance,04/08/2020,3,Tweet,0,1,photo
SPOT,"GPS, Spotify, Pokémon Go: In On Tech today, our readers tell us about the tech that makes their lives better https://t.co/tjcKkt5rd7",NYT Business,05/08/2020,3,Tweet,0,0,
SPOT,Found a typo on Spotify. Unless there’s a car called a Thumderbird. https://t.co/ZpMX0lVSGZ,Joe Weisenthal,07/08/2020,2,Tweet,0,0,photo
SPOT,$SPOT engagement has recovered to pre-COVID levels (even as commute times have not fully recovered) with 63m users now listening to podcasts vs. 34m a year ago.,Stephanie Link,10/08/2020,6,Tweet,0,0,
SPOT,"Tech stocks hit: Spotify rebounds bullishly, gold tarnished, time to Zoom out? $SPOT $GLD $SLV $ZM https://t.co/2HkRSetcbW",Investors.com,11/08/2020,3,Tweet,0,0,
SPOT,"RT @IBD_ECarson : Futures rise modestly; investors go bananas for Tesla stock split, Moderna rallies on U.S. vaccine deal https://t.co/WME7QADE19 $AAPL $TSLA $MRNA $SPOT $ZM https://t.co/AUtdLYy0wq",Investors.com,12/08/2020,0,Retweet,0,0,animated_gif
SPOT,A 30 percent commission on apps has proved hugely consequential for Apple. But companies like Epic Games and Spotify are pushing back. https://t.co/cLk6umpZRj,NYT Business,15/08/2020,3,Tweet,0,0,
SPOT,A 30 percent commission on apps has proved hugely consequential for Apple. But companies like Epic Games and Spotify are pushing back. https://t.co/oCETKv1wQo,NYT Business,15/08/2020,15,Tweet,0,0,
SPOT,"RT @MylesUdland : I wrote about Shopify and didn't once write ""Spotify."" 

Plz congratulate. 

https://t.co/kl3JzIKURz",Joe Weisenthal,17/08/2020,0,Retweet,0,0,
SPOT,RT @andrewrsorkin : TikTok’s deal w/ @unitedmasters to allow artists to distribute their songs directly from the app to streaming services like Spotify + Apple Muisc is a big win for independent artists who keep control of their music. Also huge win for @SteveStoute: https://t.co/ezIHxnptHd,NYT Business,17/08/2020,0,Retweet,0,2,
SPOT,"Spotify has been on a winning streak with the acquisition of Joe Rogan’s incredibly popular podcast, along with exclusive deals with Kim Kardashian and DC Comics. https://t.co/oZFkcuTwD9 https://t.co/h9rfwZPwfr",CNBC,21/08/2020,6,Tweet,0,0,video
SPOT,"Spotify has been on a winning streak with the acquisition of Joe Rogan’s incredibly popular podcast, along with exclusive deals with Kim Kardashian and DC Comics. https://t.co/oZFkcuBVLB https://t.co/jWQcjd3RLY",CNBC,22/08/2020,5,Tweet,0,0,video
SPOT,The Spotify algo knows what’s up. CC @DavidBeckworth https://t.co/7JPdR1frNL,Joe Weisenthal,22/08/2020,2,Tweet,0,1,photo
SPOT,"Spotify has been on a winning streak with the acquisition of Joe Rogan’s incredibly popular podcast, along with exclusive deals with Kim Kardashian and DC Comics. https://t.co/oZFkcuTwD9 https://t.co/wuV9wFNkAu",CNBC,29/08/2020,11,Tweet,0,0,video
