SYMBOL,Text,Name,Date,Retweets,Tweet Type,Hashtags,Mentions,Media Type,
MSFT,"RT @IBD_ECarson : Dow Futures Plunge In Furious Action As #Coronavirus Spreads, U.S. Fears Grow https://t.co/lueL3sSHCY #covid19 $TSLA $NVDA $SHOP $TEAM $NOW $MSFT $MA $AMD https://t.co/fXFKAqXccx",Investors.com,02/03/2020,0,Retweet,2,0,photo,
MSFT,RT @IBD_ECarson : Dow Futures Fall After Powerful Rally; Six Stocks For Your Watchlist https://t.co/hLB3FbYwIW #coronavirus $AAPL $MSFT $DXCM $ADBE $NOW $JD https://t.co/UVzGNwh57n,Investors.com,03/03/2020,0,Retweet,1,0,photo,
MSFT,"Fed Cuts Rates, But S&amp;P 500 Dives; Microsoft, Zoom Video, TAL Education in focus $MSFT $ZM $TAL https://t.co/ByOlKBf8X1",Investors.com,03/03/2020,4,Tweet,0,0,,
MSFT,"Good morning from #Germany, where the combined market cap of the 30 blue chip companies from the Dax has shrunk to €850bn, lowest since 2014 and less than the market cap of Apple (€1.07tn) or Microsoft (€955bn). https://t.co/uWgX5cLBgT",Holger Zschaepitz,13/03/2020,122,Tweet,1,0,photo,
MSFT,"Good morning from #Germany, where the combined market cap of the 30 blue chip companies from the Dax has shrunk to €850bn, lowest since 2014 and less than the market cap of Apple (€1.07tn) or Microsoft (€955bn). https://t.co/uWgX5cLBgT",Holger Zschaepitz,13/03/2020,122,Tweet,1,0,photo,
MSFT,"RT @IBD_ECarson : Fed fires everything at bear market, but Dow futures fall sharply as #coronavirus cases soar https://t.co/YYFUyIPxCV #Apple  $AAPL $NKE $MSFT $TSLA $COUP $ZTO https://t.co/cKn62NLjnV",Investors.com,15/03/2020,0,Retweet,2,0,photo,
MSFT,"RT @IBD_ECarson : With futures ""limit down"" once again, how bad will Monday's stock market open be? Very bad, according to the $DIA, $SPY and $QQQ ETFs. $AAPL $MSFT $NKE $TSLA $BAC $JPM $WYNN $UAL $AAL https://t.co/SE5ua8x9I6",Investors.com,16/03/2020,0,Retweet,0,0,,
MSFT,"The #IBDLive Team looking at $MSFT, an IBD Long Term Leader. Holding up very well, strong RS line. Potentially one to keep on your watchlist for when the market turns around. https://t.co/S3NhPZAnzu",Investors.com,23/03/2020,1,Tweet,1,0,photo,
MSFT,"After bullish session Thursday for the S&amp;P 500, another wave of selling hit the stock market Friday $MSFT $AKAM $CHWY Watch Stock Market Today here: https://t.co/nwFI0JSBIO https://t.co/YxEN1aGje3",Investors.com,03/04/2020,1,Tweet,0,0,photo,
MSFT,PS5 Vs. Xbox Series X: Tech Alone Won't Crown A Winner $SNE $MSFT https://t.co/7A5a3JgM0O,Benzinga,03/04/2020,3,Tweet,0,0,,
MSFT,"RT @OpenOutcrier : $ZM $MSFT  School districts ban Zoom, urge switch to Microsoft Teams, Washington Post says

https://t.co/10ZMy93rZq",Stocktwits,06/04/2020,0,Retweet,0,0,,
MSFT,"Vertex tries to breakout; Microsoft, Dexcom set up VRTX $MSFT $DXCM Watch Stock Market Today here: https://t.co/IOXd547fEw https://t.co/hrriqVGb5W",Investors.com,06/04/2020,2,Tweet,0,0,photo,
MSFT,Heard on the Street: Microsoft uses both intimidation and imitation against Zoom https://t.co/8R24awIr5H,WSJ Markets,13/04/2020,1,Tweet,0,0,,
MSFT,Growth stocks outperformed for the second straight session Tuesday as the stock market uptrend kicked into overdrive $NVDA $MSFT $TEAM Watch Stock Market Today here: https://t.co/75XFlyNtZI https://t.co/wccl3MXvwO,Investors.com,14/04/2020,2,Tweet,0,0,photo,
MSFT,"Always be looking at $AAPL $GOOG $MSFT
$AAPL got huge support at the moving averages. Its not in position to be bought yet but always keep it on your radar. If this starts to break down, then you want to be concerned about the general market.

#IBDLive https://t.co/e6TlLWHUUV",Investors.com,15/04/2020,3,Tweet,1,0,photo,
MSFT,Why @ReformedBroker Still Likes Slack $WORK $MSFT https://t.co/kt0Yttd4HA,Benzinga,15/04/2020,0,Tweet,0,1,,
MSFT,"RT @jmackin2 : Streetwise: Microsoft is almost as big as FTSE 100. Nasdaq's value passed MSCI World ex-USA. US top 5 stocks bigger than five entire market sectors. Has the world gone mad over big US tech stocks, or are they rightly priced as lockdown winners?

https://t.co/xxc9sKlEf4 via @WSJ",WSJ Markets,21/04/2020,0,Retweet,0,1,,
MSFT,"Nasdaq leads sell-off: Microsoft, Fortinet undercut buy points; Repligen sets up $MSFT $FTNT $RGEN Watch Stock Market Today here: https://t.co/RtFTSkLsGp https://t.co/wQXRPU3uGm",Investors.com,21/04/2020,0,Tweet,0,0,photo,
MSFT,RT @IBD_ECarson : Five Giants Near Buys With Earnings Due; Futures Fall https://t.co/Oc73QV9zEn $AAPL $TSLA $AMD $INTC $MSFT $NVDA https://t.co/372d8FmJPQ,Investors.com,23/04/2020,0,Retweet,0,0,photo,
MSFT,"RT @IBD_ECarson : Apple, Tesla lead stocks near buy points with earnings due; Dow futures fall
https://t.co/dwpb5MR7Z1 #coronavirus $TSLA $AAPL $NVDA $AMD $MSFT $BABA $ADBE https://t.co/tb6eotzhVg",Investors.com,26/04/2020,0,Retweet,1,0,photo,
MSFT,"$CRM always keep an eye on this one. Its earnings are liekly to turn around again. But @IBD_ECarson is more interested in $MSFT or $ADBE

#IBDLive",Investors.com,27/04/2020,1,Tweet,1,1,,
MSFT,"$MSFT has formed a handle. Earnings are on Wednesday though so perhaps wait until after that before considering this one. 

But, being a strong coronavirus play, the #IBDLive Team expects good things from its earnings. Keep an eye on it. https://t.co/iuSGCdS4A5",Investors.com,27/04/2020,6,Tweet,1,0,photo,
MSFT,"RT @sstrazza : $MSFT $AAPL $GOOGL $AMZN $FB $NFLX red on the day

Meanwhile...??

$MDY $IWM $IWC +&gt;4%
$KBE $KRE +&gt;6%
$IYT +3%",Stocktwits,27/04/2020,0,Retweet,0,0,,
MSFT,"Growth stocks lag: Long-Term Leaders $MSCI, Microsoft fall; Datadog on trend $MSFT $SPGI $DDOG Watch Stock Market Today here: https://t.co/RtFTSl344Z https://t.co/WgeJACr9sD",Investors.com,28/04/2020,0,Tweet,0,0,photo,
MSFT,$MSFT first move higher. https://t.co/oLHDvpFrjG,Stocktwits,29/04/2020,6,Tweet,0,0,,
MSFT,"Microsoft Reports Q3 Earnings Beat, Says Coronavirus Had 'Minimal Net Impact' On Revenue $MSFT https://t.co/gEKnOqSOhU",Benzinga,29/04/2020,0,Tweet,0,0,,
MSFT,"Earnings last night:

$TSLA ? 7%
$MSFT ? 1.80%
$FB ? 8.50%",Stocktwits,30/04/2020,12,Tweet,0,0,,
MSFT,"RT @djtgallagher : Microsoft -&gt; S&amp;P 500's most valued company is now a complex stew of WFH tech that's winning - despite ""sales dynamics."" Also, all those kids sent home from school are apparently popping back into Minecraft. For @WSJheard - https://t.co/AT1ZDfeXhv",WSJ Markets,30/04/2020,0,Retweet,0,1,,
MSFT,Microsoft Analysts On Redmond's Q3 Beat: 'A Core Growth Holding' $MSFT https://t.co/T0F6bfolok,Benzinga,30/04/2020,1,Tweet,0,0,,
MSFT,Heard on the Street: Microsoft’s business diversity proves an advantage in pandemic-driven slump https://t.co/hUElSQg8H6,WSJ Markets,30/04/2020,1,Tweet,0,0,,
MSFT,10 Successful Businesses That Were Started During Economic Downturns $HPQ $H $MSFT $EA $UBER $WORK $PYPL https://t.co/6x7xwucWko,Benzinga,04/05/2020,3,Tweet,0,0,,
MSFT,How Large Option Traders Are Playing Microsoft As Cloud Business Booms $MSFT https://t.co/O4CCgPqxCN,Benzinga,05/05/2020,0,Tweet,0,0,,
MSFT,"RT @IBD_ECarson : Online giant MercadoLibre skyrockets late, futures rise after six stocks clear buy points https://t.co/tvHCO0uZTN $MELI $MSFT $SHOP $ADBE $NOW $PYPL $CHGG $DIS $BYND https://t.co/nG4Bau0Bue",Investors.com,05/05/2020,0,Retweet,0,0,photo,
MSFT,"101 US stocks with market caps above $500 mln have hit 52-week highs since the start of May, and NONE of them are named Microsoft, Apple, Amazon, Alphabet, or Facebook.",Bespoke,08/05/2020,35,Tweet,0,0,,
MSFT,"$MSFT ""This one was dead money for a long time but then its character changed and it became a monster stock."" @mwebster1971 
Finding support at the 21-day line. Though its' falling today, the #IBDLive Team says it's still acting well and you could even add to your position here https://t.co/PSBtM49v28",Investors.com,14/05/2020,2,Tweet,1,1,photo,
MSFT,RT @IBD_ECarson : These 3 Leaderboard stocks reclaimed buy points after strong market rebound https://t.co/AD4bNmZd26 $MSFT $NOW $CMG $CODX $AMAT $KLAC https://t.co/nDWgWk9aL6,Investors.com,14/05/2020,0,Retweet,0,0,photo,
MSFT,Microsoft's $5B Security Segment Approaches $55B Market Opportunity $MSFT https://t.co/hylkD0cjVc,Benzinga,15/05/2020,0,Tweet,0,0,,
MSFT,Survey Says 53% Of Americans 'Always' Wear Pants When Working From Home $ZM $MSFT https://t.co/6FMDiuVHK9,Benzinga,16/05/2020,2,Tweet,0,0,,
MSFT,"RT @IBD_ECarson : Apple, Tesla lead five tech titans near buy points, but do they want to break out? Futures rise as bull market keeps running.
https://t.co/tcgk1Ef0OY $AAPL $NVDA $AMD $TSLA $MSFT $GOOGL https://t.co/0wfLfbDUBF",Investors.com,25/05/2020,0,Retweet,0,0,photo,
MSFT,"RT @IBD_ECarson : Futures jump, S&amp;P 500 index set to test key level; five leading stocks just below buy points  https://t.co/tcgk1DXpqo $AAPL $TSLA $AMD $MSFT $GOOGL $NVDA https://t.co/S20oySlkmW",Investors.com,26/05/2020,0,Retweet,0,0,animated_gif,
MSFT,RT @IBD_ECarson : Dow futures fall amid widespread unrest in U.S. cities; five stocks look to break out decisively https://t.co/rX6FgS3lWb $TSLA $AAPL $MSFT $UNH $DPZ https://t.co/fKIrc5nwA7,Investors.com,31/05/2020,0,Retweet,0,0,photo,
MSFT,"Microsoft is counting on Teams, with video calls and group chat, to propel it into the future, pitting it against the likes of Zoom and Slack. Some rivals say it’s using sharp-elbowed business tactics to get there. https://t.co/xWzghEKYJn",WSJ Markets,02/06/2020,2,Tweet,0,0,,
MSFT,"6 Slack Analysts On Q1 Results, Billing Numbers, Microsoft Competition: 'An Unexpected Dichotomy' $WORK $MSFT https://t.co/ozULuuncxW",Benzinga,07/06/2020,0,Tweet,0,0,,
MSFT,"RT @srussolillo : A major reason the market has recovered so much: Microsoft, Apple, Amazon, Alphabet and Facebook make up more than 20% of the S&amp;P 500. Five years ago, the concentration of market value in the index’s largest five components was 12%. 

via @AmrithRamkumar https://t.co/gRz0HozjSe https://t.co/bbRCY6Q1DC",WSJ Markets,08/06/2020,0,Retweet,0,1,photo,
MSFT,RT @IBD_ECarson : Dow futures fall on fears of new coronavirus wave https://t.co/TAgPaqpEwZ $BABA $TSLA $AMD $NVDA $XP $NKLA $NOW $MSFT https://t.co/JfBvm0CUiT,Investors.com,11/06/2020,0,Retweet,0,0,photo,
MSFT,Trump retweets call for #Microsoft ban from federal contracts. https://t.co/GzLPNqpTwe,Holger Zschaepitz,12/06/2020,59,Tweet,1,0,photo,
MSFT,Trump retweets call for #Microsoft ban from federal contracts. https://t.co/GzLPNqpTwe,Holger Zschaepitz,12/06/2020,59,Tweet,1,0,photo,
MSFT,"Barron's Picks And Pans: Chevron, Goldman Sachs, Progressive And More $CVX $PG $AAL $GS $PGR $AAPL $MSFT $BAC $CPB $GIS $DKS https://t.co/aM9nznXXDn",Benzinga,14/06/2020,2,Tweet,0,0,,
MSFT,"Microsoft Will Continue Benefiting From Accelerated Shift To Cloud, Wedbush Says $MSFT
https://t.co/hVWfUSOBVi",Benzinga,14/06/2020,6,Tweet,0,0,,
MSFT,"RT @IBD_ECarson : Bulls extend market rally overnight; Cloudflare leads five stocks flashing buy signals
https://t.co/qyqDAI0Xgk $NET $FTNT $DXCM $TDOC $MSFT $TSLA $NKLA https://t.co/wKFeJ6ruLj",Investors.com,15/06/2020,0,Retweet,0,0,animated_gif,
MSFT,Apple $AAPL and Microsoft $MSFT are the only two Dow stocks up over the last week. https://t.co/xSYXyWIHxA,Bespoke,17/06/2020,8,Tweet,0,0,photo,
MSFT,RT @IBD_ECarson : These 3 stocks just cleared buy points; quietly bullish market action continues late https://t.co/dAE2lWXZap $CRM $PCTY $AYX $SHOP $ZS $MSFT $ADBE $TSLA https://t.co/BNImFQlK1b,Investors.com,18/06/2020,0,Retweet,0,0,animated_gif,
MSFT,"RT @IBD_ECarson : U.S. coronavirus cases hit new daily record; Dow futures signal further market losses, Disneyland reopening delayed https://t.co/XtPRHLpQS2 $DIS $TDOC $TSLA $ZM $AAPL $RH $CVNA $MSFT $NVDA https://t.co/MX9QZPfJmY",Investors.com,25/06/2020,0,Retweet,0,0,animated_gif,
MSFT,"Microsoft's stores once served a purpose. But in a pandemic age, boutique showrooms are much harder to justify for a company that doesn't need them, @djtgallagher writes for @WSJheard - https://t.co/lMyYBMHmJi",WSJ Markets,26/06/2020,3,Tweet,0,2,,
MSFT,"The Covid-19 pandemic has changed the calculus for expensive, boutique showcases like the ones Microsoft plans to close https://t.co/lYIP9SClIT",WSJ Markets,26/06/2020,1,Tweet,0,0,,
MSFT,The combined market cap of Apple and Microsoft is now 54% greater than the ENTIRE Russell 2000.,Bespoke,06/07/2020,172,Tweet,0,0,,
MSFT,"RT @charliebilello : Big tech returns in 2008 recession...
$MSFT: -44%
$AAPL: -57%
$GOOGL: -56%
$AMZN: -45%
$QQQ: -42%

Big tech returns YTD in 2020 recession...
$MSFT: +34%
$AAPL: +28%
$GOOGL: +12%
$AMZN: +65%
$QQQ: +22%

Data via @ycharts",Stocktwits,06/07/2020,0,Retweet,0,1,,
MSFT,"Magic Leap hired Peggy Johnson, a top Microsoft executive, to be its new C.E.O. https://t.co/zXCoyUbwP1",NYT Business,07/07/2020,0,Tweet,0,0,,
MSFT,"Magic Leap hired Peggy Johnson, a top Microsoft executive, to be its new C.E.O. https://t.co/zXCoyUbwP1",NYT Business,07/07/2020,0,Tweet,0,0,,
MSFT,"On a combined basis, Amazon and Microsoft have seen their market caps increase by $1.1 trillion YTD.",Bespoke,09/07/2020,15,Tweet,0,0,,
MSFT,"When does the market cap of either Apple, Microsoft, or Amazon (all markets caps of b/w 1.6 and 1.7 trillion) overtake the Russell 2000 (2.03 trillion)?",Bespoke,13/07/2020,7,Tweet,0,0,,
MSFT,"$MSFT, Microsoft is another one to key off of. Dow Stock that's also a Nazz ..",Jim Cramer,16/07/2020,10,Tweet,0,0,,
MSFT,RT @TheStreet : Microsoft Earnings Preview: @jimcramer Says Stock Has 'Consistently Outperformed' https://t.co/ePTPpwtcG0,Jim Cramer,16/07/2020,0,Retweet,0,1,,
MSFT,"RT @IBD_ECarson : Futures aren't open yet, but this will set the stage. Market rally, leadership are in flux; four key earnings reports, coronavirus vaccine news due https://t.co/ZCUotz3wrH $TSLA $MSFT $CMG $INTC $AZN $MRNA $NIO $NKLA https://t.co/eSqvDADlpZ",Investors.com,19/07/2020,0,Retweet,0,0,animated_gif,
MSFT,"Microsoft has continued to pump its Teams platform, but its contribution to the actual business is complicated https://t.co/huhsnxUdSl",WSJ Markets,20/07/2020,1,Tweet,0,0,,
MSFT,moves like we are seeing in Microsoft and Tesla and Amazon are truly insane and unlike any i have ever seen in my life.,Jim Cramer,20/07/2020,613,Tweet,0,0,,
MSFT,"Look, Amazon is a huge position for https://t.co/2Cj9QmVLog. So is Apple. So is Microsoft. I am uncomfortable with these moves. But where to, brute?",Jim Cramer,20/07/2020,8,Tweet,0,0,,
MSFT,Microsoft Is Poised to Report Earnings - And for Substantial Gains: @BruceKamich  https://t.co/rQvIE0YUjr,Jim Cramer,21/07/2020,35,Tweet,0,1,,
MSFT,RT @TheStreet : Microsoft Reports Earnings on Wednesday: 8 Important Things to Watch from @EricJhonsa https://t.co/nTjJPg0HSn,Jim Cramer,21/07/2020,0,Retweet,0,1,,
MSFT,$MSFT Who Is Ready For Earnings?,Benzinga,21/07/2020,5,Tweet,0,0,,
MSFT,PreMarket Prep: Previewing earnings from Tesla $TSLA and Microsoft $MSFT https://t.co/m4mBcncNFA,Benzinga,22/07/2020,5,Tweet,0,0,,
MSFT,"In its filing, Slack claims that Microsoft has illegally tied its collaboration software, Microsoft Teams, to its dominant suite of productivity programs, Microsoft Office, which includes Outlook, Word, Excel and PowerPoint https://t.co/Hy72RogDqn",NYT Business,22/07/2020,6,Tweet,0,0,,
MSFT,"In its filing, Slack claims that Microsoft has illegally tied its collaboration software, Microsoft Teams, to its dominant suite of productivity programs, Microsoft Office, which includes Outlook, Word, Excel and PowerPoint https://t.co/Hy72RogDqn",NYT Business,22/07/2020,6,Tweet,0,0,,
MSFT,@HalftimeReport great discussion of Microsoft tonight...,Jim Cramer,22/07/2020,0,Tweet,0,1,,
MSFT,"One big similarity between now and 2000 is that Microsoft remains one of the largest stocks in the S&amp;P 500.

Market Cap Ranks:
          Then        Now
MSFT   1               2
CSCO   2             22
GE        3           101
WMT    4              9
INTC     5            15",Bespoke,22/07/2020,6,Tweet,0,0,,
MSFT,"Heads Up! 
 
Microsoft and Tesla report earnings after the close. 
 
$MSFT $TSLA",Stocktwits,22/07/2020,35,Tweet,0,0,,
MSFT,$MSFT first move lower. https://t.co/iWAuMobSbD,Stocktwits,22/07/2020,9,Tweet,0,0,photo,
MSFT,$MSFT -2.4%,Joe Weisenthal,22/07/2020,3,Tweet,0,0,,
MSFT,"Microsoft Cloud Strength Drives Fourth Quarter Results

$MSFT ? 2% AH
https://t.co/18JcsBsaW6",Stocktwits,22/07/2020,8,Tweet,0,0,,
MSFT,i suspect the analysts tomorrow will raise numbers and price targets for Microsoft yet people are frantically selling it down six,Jim Cramer,22/07/2020,36,Tweet,0,0,,
MSFT,we have an extensive microsoft report upcoming for Club Members which will out everything in perspective.. i think you will like the bulletin.. https://t.co/2Cj9QmVLog,Jim Cramer,22/07/2020,5,Tweet,0,0,,
MSFT,"Slack Technologies, whose popular collaboration software has become embedded in the routines of millions of workers, said that it had filed a complaint against Microsoft, accusing the tech giant of using its market power to try to crush the upstart rival. https://t.co/esvr7LOl5W",NYT Business,23/07/2020,6,Tweet,0,0,,
MSFT,"Slack Technologies, whose popular collaboration software has become embedded in the routines of millions of workers, said that it had filed a complaint against Microsoft, accusing the tech giant of using its market power to try to crush the upstart rival. https://t.co/esvr7LOl5W",NYT Business,23/07/2020,6,Tweet,0,0,,
MSFT,Microsoft coming all the way back,Jim Cramer,23/07/2020,45,Tweet,0,0,,
MSFT,"Microsoft $MSFT, Tesla $TSLA, and Chipotle $CMG fell on earnings today, but overall, the 94 stocks that reported since yesterday's close were up an average of 1.8% on the day.  Only 16 of 94 missed EPS estimates, and 15 of 94 raised guidance.",Bespoke,23/07/2020,8,Tweet,0,0,,
MSFT,"Some of today's stocks should not have gotten hit as hard as they were and if Microsoft stays down or goes lower, i think it is attractive...  https://t.co/2Cj9QmVLog",Jim Cramer,23/07/2020,48,Tweet,0,0,,
MSFT,"he Nasdaq extended losses Friday, but several growth stocks turned in solid showings $MSFT $AVLR ENTG https://t.co/rbJqGQHF19",Investors.com,24/07/2020,8,Tweet,0,0,,
MSFT,"Mr. Chill points out that you should look at Apple, Amazon, Facebook, Microsoft, and Netflix as stocks that may not have been bought at the top. More like the bottom -- Mr. ManSherv. When i meet you should i call you Man? Sherv? Or Sunshine https://t.co/qkKKCnSl0g",Jim Cramer,27/07/2020,3,Tweet,0,0,,
MSFT,"Stocks fall; Microsoft, Wingstop find support, new IPO in buy zone $MSFT $WING $AZEK https://t.co/Ru5tWTP9Vm",Investors.com,28/07/2020,1,Tweet,0,0,,
MSFT,Microsoft crushed them less than we thought they would crush them!!! https://t.co/lyssuJdKXr,Jim Cramer,28/07/2020,17,Tweet,0,0,,
MSFT,"In 1998, the spotlight was squarely on Mr. Gates, co-founder of Microsoft, the tech behemoth of the personal computer era. This time, the leaders of four big technology companies will be in the dock, appearing remotely because of a pandemic. https://t.co/lOITawtH4R",NYT Business,29/07/2020,2,Tweet,0,0,,
MSFT,"In 1998, the spotlight was squarely on Mr. Gates, co-founder of Microsoft, the tech behemoth of the personal computer era. This time, the leaders of four big technology companies will be in the dock, appearing remotely because of a pandemic. https://t.co/lOITawtH4R",NYT Business,29/07/2020,2,Tweet,0,0,,
MSFT,"Huawei Becomes The World's Largest Smartphone Supplier As China Sales Remain High During Pandemic
$AAPL $MSFT 
https://t.co/Wr8c6uXOxN",Benzinga,30/07/2020,0,Tweet,0,0,,
MSFT,"The combined market cap of Apple, Microsoft, and Amazon is more than 2.3 times the market cap of the ENTIRE Russell 2000.",Bespoke,31/07/2020,56,Tweet,0,0,,
MSFT,"Big Tech revenue in first six months of

2019:
Amazon $123bn
Apple $112bn
Alphabet $75bn
Microsoft $64bn
Facebook $32bn

2020:
Amazon $164bn
Apple $118bn
Alphabet $80bn
Microsoft $73bn
Facebook $36bn

What pandemic?",ian bremmer,31/07/2020,475,Tweet,0,0,,
MSFT,"RT @ceciliakang : WOAH Nelly: Microsoft Said to Be in Talks to Buy TikTok, as Trump Weighs Curtailing App via @MikeIsaac @AnaSwanson  https://t.co/38WRYIzK5t",NYT Business,31/07/2020,0,Retweet,0,2,,
MSFT,"RT @ceciliakang : WOAH Nelly: Microsoft Said to Be in Talks to Buy TikTok, as Trump Weighs Curtailing App via @MikeIsaac @AnaSwanson  https://t.co/38WRYIzK5t",NYT Business,31/07/2020,0,Retweet,0,2,,
MSFT,"RT @MikeIsaac : Microsoft is in talks to buy TikTok as Trump considers banning the China-backed app in the United States

with @AnaSwanson

https://t.co/uDOaG2UJBd",NYT Business,31/07/2020,0,Retweet,0,1,,
MSFT,"RT @MikeIsaac : Microsoft is in talks to buy TikTok as Trump considers banning the China-backed app in the United States

with @AnaSwanson

https://t.co/uDOaG2UJBd",NYT Business,31/07/2020,0,Retweet,0,1,,
MSFT,"Microsoft emerges as leading suitor for TikTok’s U.S. business, as Trump plans to order its divestiture from Chinese parent https://t.co/QsZKWOBM56",The Washington Post,31/07/2020,38,Tweet,0,0,,
MSFT,"Did You Trade $MSFT Today?

Check Out Our TikTok: https://t.co/JkFjeNCcWy",Benzinga,01/08/2020,2,Tweet,0,0,,
MSFT,"Trump opposes selling TikTok to U.S. company, as Microsoft considers buying https://t.co/MZp7GlG9s4",Newsweek,01/08/2020,28,Tweet,0,0,,
MSFT,"When Microsoft buys TikTok, all those teens can still use it to troll the President. 

It’s a Trump move against China, not the kids.",ian bremmer,02/08/2020,47,Tweet,0,0,,
MSFT,Microsoft says it intends to continue discussions with TikTok on acquisition after conversation with Trump https://t.co/3aLf9i6Jx7,The Washington Post,02/08/2020,49,Tweet,0,0,,
MSFT,"Uncertainty Surrounds Microsoft's Potential TikTok Acquisition $MSFT

https://t.co/ArVl7PuYNu",Benzinga,03/08/2020,2,Tweet,0,0,,
MSFT,"I think that Tik Tok would be huge for Microsoft. I am not a huge fan, which is probably good because you don't want me as your demo.  But it's a fire sale even at a very high dollar amount",Jim Cramer,03/08/2020,93,Tweet,0,0,,
MSFT,"Microsoft $MSFT Says Looking To Wrap Up TikTok Purchase Talks By Sept. 15, After CEO's Conversation With Trump

https://t.co/NqJ0u1i1W9 https://t.co/oKxETP6vnW",Benzinga,03/08/2020,9,Tweet,0,0,animated_gif,
MSFT,"RT @MikeIsaac : NEW: Here's our inside story on the TikTok Microsoft deal, the tumultuous events of this weekend and why Trump changed his mind

with @AnaSwanson and @maggieNYT 

https://t.co/oXxZUuvbmO",NYT Business,03/08/2020,0,Retweet,0,2,,
MSFT,"RT @MikeIsaac : NEW: Here's our inside story on the TikTok Microsoft deal, the tumultuous events of this weekend and why Trump changed his mind

with @AnaSwanson and @maggieNYT 

https://t.co/oXxZUuvbmO",NYT Business,03/08/2020,0,Retweet,0,2,,
MSFT,"""Rogue"" Trump admin, Microsoft are ""looting"" TikTok: China media https://t.co/i8lBQM3SlW",Newsweek,03/08/2020,8,Tweet,0,0,,
MSFT,Microsoft to continue acquisition discussions with TikTok after talking with Trump https://t.co/v8jHKgkE0r,The Washington Post,03/08/2020,59,Tweet,0,0,,
MSFT,"Microsoft confirms talks to buy TikTok in U.S., aims to finish deal by Sept. 15

$MSFT
https://t.co/4KtXrHSCLL",Stocktwits,03/08/2020,17,Tweet,0,0,,
MSFT,"A deal for TikTok could give Microsoft, best known for databases and operating systems, control of one of the largest and most influential social networks in the country https://t.co/62WlTziJ6Z",NYT Business,03/08/2020,5,Tweet,0,0,,
MSFT,"A deal for TikTok could give Microsoft, best known for databases and operating systems, control of one of the largest and most influential social networks in the country https://t.co/62WlTziJ6Z",NYT Business,03/08/2020,5,Tweet,0,0,,
MSFT,RT @yunheekim22 : A deal with Microsoft buying TikTok’s U.S. operations would resolve one of the most dramatic corporate battles in the U.S.-China feud https://t.co/VgED2atNv6 via @WSJ,WSJ Markets,03/08/2020,0,Retweet,0,1,,
MSFT,DealBook: What would Microsoft do with TikTok? https://t.co/GWcSjO0LCx,NYT Business,03/08/2020,2,Tweet,0,0,,
MSFT,DealBook: What would Microsoft do with TikTok? https://t.co/GWcSjO0LCx,NYT Business,03/08/2020,2,Tweet,0,0,,
MSFT,RT @DylanByers : Microsoft $MSFT up 4.5% out the gate...,Joe Weisenthal,03/08/2020,0,Retweet,0,0,,
MSFT,"With TikTok negotiating a sale to Microsoft under intense pressure from President Trump, the digital wall between China and the United States is proving itself to be higher than ever https://t.co/hfCIb5SWmg",NYT Business,03/08/2020,4,Tweet,0,0,,
MSFT,"With TikTok negotiating a sale to Microsoft under intense pressure from President Trump, the digital wall between China and the United States is proving itself to be higher than ever https://t.co/hfCIb5SWmg",NYT Business,03/08/2020,4,Tweet,0,0,,
MSFT,"Microsoft's solid execution and dealmaking has built up a line of credit with investors. TikTok may be the first to tap it, @djtgallagher writes for @WSJheard - https://t.co/u1AyesTD9l",WSJ Markets,03/08/2020,1,Tweet,0,2,,
MSFT,"“Microsoft is viewed as your grandpa’s company, and it is trying to change that,” an analyst said https://t.co/kce2Bmi3O5",NYT Business,03/08/2020,4,Tweet,0,0,,
MSFT,"“Microsoft is viewed as your grandpa’s company, and it is trying to change that,” an analyst said https://t.co/kce2Bmi3O5",NYT Business,03/08/2020,4,Tweet,0,0,,
MSFT,Microsoft Dances With TikTok: @Sarge986 https://t.co/OGWmK6Bs6H,Jim Cramer,03/08/2020,8,Tweet,0,1,,
MSFT,A deal could stretch Microsoft’s renewed credibility in deals and business execution. https://t.co/NotXgMHnMH,WSJ Markets,03/08/2020,5,Tweet,0,0,,
MSFT,"Growth stocks lead: Microsoft soars on TikTok, Zoom in buy area, China Net play pops $MSFT $ZM $KWEB https://t.co/PdRqdsgpjH",Investors.com,03/08/2020,3,Tweet,0,0,,
MSFT,"A deal for TikTok could give Microsoft, best known for databases and operating systems, control of one of the largest and most influential social networks in the country https://t.co/kTTnCR4IXV",NYT Business,03/08/2020,3,Tweet,0,0,,
MSFT,"A deal for TikTok could give Microsoft, best known for databases and operating systems, control of one of the largest and most influential social networks in the country https://t.co/kTTnCR4IXV",NYT Business,03/08/2020,3,Tweet,0,0,,
MSFT,RT @TheStreet : Why @JimCramer thinks regulators would approve Microsoft buying TikTok:  https://t.co/h9btNgLpSB,Jim Cramer,03/08/2020,0,Retweet,0,1,,
MSFT,"President Trump gave the go-ahead for Microsoft to pursue an acquisition of TikTok, in his first public comments about the popular Chinese-owned video app after he had threatened to ban it from the United States entirely. https://t.co/ly33YZiVeV",NYT Business,04/08/2020,5,Tweet,0,0,,
MSFT,"President Trump gave the go-ahead for Microsoft to pursue an acquisition of TikTok, in his first public comments about the popular Chinese-owned video app after he had threatened to ban it from the United States entirely. https://t.co/ly33YZiVeV",NYT Business,04/08/2020,5,Tweet,0,0,,
MSFT,"President Trump said that TikTok would shut down on Sept. 15 unless Microsoft or another company purchased it, and that he had suggested in a call that the chief executive of Microsoft “go ahead” with the acquisition. https://t.co/f9agLoEaS5",NYT Business,04/08/2020,4,Tweet,0,0,,
MSFT,"President Trump said that TikTok would shut down on Sept. 15 unless Microsoft or another company purchased it, and that he had suggested in a call that the chief executive of Microsoft “go ahead” with the acquisition. https://t.co/f9agLoEaS5",NYT Business,04/08/2020,4,Tweet,0,0,,
MSFT,A deal for TikTok — whose app featuring video clips has become wildly popular among young smartphone users — could give Microsoft control of one of the largest and most influential social networks in the country. https://t.co/fTox9dyX78,NYT Business,04/08/2020,6,Tweet,0,0,,
MSFT,A deal for TikTok — whose app featuring video clips has become wildly popular among young smartphone users — could give Microsoft control of one of the largest and most influential social networks in the country. https://t.co/fTox9dyX78,NYT Business,04/08/2020,6,Tweet,0,0,,
MSFT,"Trump demanding cut from Microsoft TikTok sale akin to ""extortion,"" critics say https://t.co/V37u9T2Kz9",Newsweek,04/08/2020,137,Tweet,0,0,,
MSFT,$MSFT Microsoft set a Sept. 15 deadline to ink a deal. https://t.co/dxLulRJTlm https://t.co/g95EEXK3j4,Benzinga,04/08/2020,2,Tweet,0,0,animated_gif,
MSFT,"Microsoft said talks could result in its purchase of TikTok’s service in the United States, Canada, Australia and New Zealand, though it cautioned that the discussions were still “preliminary.” https://t.co/tf4kvCzzuU",NYT Business,04/08/2020,5,Tweet,0,0,,
MSFT,"Microsoft said talks could result in its purchase of TikTok’s service in the United States, Canada, Australia and New Zealand, though it cautioned that the discussions were still “preliminary.” https://t.co/tf4kvCzzuU",NYT Business,04/08/2020,5,Tweet,0,0,,
MSFT,"“Microsoft is viewed as your grandpa’s company, and it is trying to change that,” said an analyst at Wedbush Securities. “Microsoft goes from an uncool company to many under 25 to potentially as hip as TikTok if they get this done.” https://t.co/wpJTwBc9JG",NYT Business,04/08/2020,5,Tweet,0,0,,
MSFT,"“Microsoft is viewed as your grandpa’s company, and it is trying to change that,” said an analyst at Wedbush Securities. “Microsoft goes from an uncool company to many under 25 to potentially as hip as TikTok if they get this done.” https://t.co/wpJTwBc9JG",NYT Business,04/08/2020,5,Tweet,0,0,,
MSFT,"#Microsoft's move to buy #TikTok's business in North America has gotten more complicated, amid Trump's threat to ban the app in the US and demands by lawmakers to keep its US data from China. #WhatWeAreWatching @gzeromedia 
https://t.co/j00FZzJ3yB",ian bremmer,04/08/2020,8,Tweet,3,1,,
MSFT,$MSFT A deeper dive into Microsoft's debt. ??https://t.co/i4RUkYwY7Q https://t.co/y1h8M4K4Mj,Benzinga,04/08/2020,1,Tweet,0,0,animated_gif,
MSFT,"Microsoft $MSFT Commits To Become 'Zero Waste' Company By 2030, After Carbon Negative Pledge

https://t.co/Wdta2Flpjg",Benzinga,04/08/2020,3,Tweet,0,0,,
MSFT,$MSFT How Microsoft Would Benefit From The TikTok Deal. https://t.co/4iydeiy7Xl,Benzinga,05/08/2020,1,Tweet,0,0,,
MSFT,"More than merely appealing to the young users of TikTok, Microsoft could use the data culled from its videos to better compete against its AI rivals https://t.co/1QWH03YnEN",The Washington Post,05/08/2020,25,Tweet,0,0,,
MSFT,"Instagram Reels, a clear competitor to TikTok, is being released in the U.S. as TikTok faces mounting political pressure to sell to Microsoft https://t.co/DLvSV3NzfX",The Washington Post,05/08/2020,21,Tweet,0,0,,
MSFT,"There are a million questions still swirling around a possible TikTok-Microsoft deal. Nobody has figured out if “buying TikTok” will mean the complex algorithms that make the app so addictive will be included in a deal, writes our @kevinroose. https://t.co/Xu8iFRGP5U",NYT Business,06/08/2020,3,Tweet,0,1,,
MSFT,"There are a million questions still swirling around a possible TikTok-Microsoft deal. Nobody has figured out if “buying TikTok” will mean the complex algorithms that make the app so addictive will be included in a deal, writes our @kevinroose. https://t.co/Xu8iFRGP5U",NYT Business,06/08/2020,3,Tweet,0,1,,
MSFT,"Take-Two, Microsoft, Capital One: Stocks that defined the week https://t.co/xUbG33J1Iy",WSJ Markets,09/08/2020,1,Tweet,0,0,,
MSFT,RT @TheStreet : .@JimCramer says don't expect Twitter to sweep TikTok out from under Microsoft's feet: https://t.co/VwGgesuYeg,Jim Cramer,10/08/2020,0,Retweet,0,1,,
MSFT,"The losses will include declines in Nvidia, Amazon, Apple and the cyber security stocks as well as Microsoft  All planed for the by the barbell",Jim Cramer,11/08/2020,21,Tweet,0,0,,
MSFT,The delay of the release of the latest installment of the blockbuster ‘Halo’ gaming franchise could hurt Microsoft’s new Xbox launch https://t.co/C91olNUyBn,WSJ Markets,12/08/2020,1,Tweet,0,0,,
MSFT,Stay flexible: Market rebound offers new set ups $ASML $DG $MSFT https://t.co/p4JPmRjeS1,Investors.com,12/08/2020,3,Tweet,0,0,,
MSFT,"If Microsoft or another company buys TikTok, it will acquire a giant community of devoted fans and a lucrative platform for selling ads. It might be buying something else, too: a big population of users ages 14 and under. https://t.co/tQjlQSmMac",NYT Business,15/08/2020,5,Tweet,0,0,,
MSFT,"If Microsoft or another company buys TikTok, it will acquire a giant community of devoted fans and a lucrative platform for selling ads. It might be buying something else, too: a big population of users ages 14 and under. https://t.co/tQjlQSmMac",NYT Business,15/08/2020,5,Tweet,0,0,,
MSFT,ByteDance Gets 90 Days To Divest Its US Stake In TikTok $MSFT https://t.co/O4Jgn8ZvxW,Benzinga,15/08/2020,2,Tweet,0,0,,
MSFT,"Oracle is in talks to acquire TikTok's U.S. operations, challenging Microsoft, source says https://t.co/iOY3RyZ10b",CNBC,18/08/2020,57,Tweet,0,0,,
MSFT,Head-Scratcher: Making Sense Of Why Oracle Would Be Interested In TikTok $MSFT $ORCL  https://t.co/39T4xTOi16,Benzinga,19/08/2020,1,Tweet,0,0,,
MSFT,"Today, Nintendo is part of a crowded video game market and competes with Sony, Microsoft, Apple and Google. But the company has been around for 130 years, so how has it been able to stay relevant for so long? https://t.co/gE3QGmdGyg https://t.co/u585DNpqoU",CNBC,19/08/2020,9,Tweet,0,0,video,
MSFT,"General Motors, Microsoft shrug off Trump cash offer to quit China for U.S. https://t.co/IJ2aXRLZr7",Newsweek,19/08/2020,23,Tweet,0,0,,
MSFT,Why a Microsoft-backed start-up pivoted to a fitness app after helping Fortune 500 firms https://t.co/v5d1qIdnlH,CNBC,20/08/2020,7,Tweet,0,0,,
MSFT,Microsoft plans cloud contract push with foreign governments after $10 billion JEDI win https://t.co/H3DpCG9AC5,CNBC,21/08/2020,11,Tweet,0,0,,
MSFT,RT @jordannovet : scoop: Microsoft is planning to work with foreign governments on cloud contracts in a way that's similar to what it's trying to do with Pentagon on JEDI https://t.co/FO3w21VHD9,CNBC,21/08/2020,0,Retweet,0,0,,
MSFT,RT @CNBCFastMoney : Microsoft shares popping after-hours as sources tell CNBC it is planning a cloud contract push with foreign governments. Here's how @timseymour is trading the news. https://t.co/DGJb9GQZ87,CNBC,21/08/2020,0,Retweet,0,1,video,
MSFT,Microsoft warns court that Apple blocking Epic will hurt games business https://t.co/nhZ4HL2kXM,CNBC,23/08/2020,26,Tweet,0,0,,
MSFT,"Is a new buyer, possibly Oracle or Microsoft, the key to TikTok's future success? https://t.co/2HJVdVKAb0 https://t.co/nQuHuZVhms",CNBC,24/08/2020,7,Tweet,0,0,video,
MSFT,"RT @CNBCTheExchange : . @Microsoft joins a growing list of companies calling out @Apple for its App Store policies.

Could this derail the record run for $AAPL?

@jacknicas of @nytimes and @stevekovach join @KellyCNBC to discuss on @CNBC https://t.co/VWHxd5XIRX",CNBC,24/08/2020,0,Retweet,0,7,video,
MSFT,RT @TheStreet : Why Jim Cramer Thinks Microsoft Stock Is a Winner https://t.co/I29WOtg5m2,Jim Cramer,25/08/2020,0,Retweet,0,0,,
MSFT,"The two investment firms with large stakes in ByteDance, TikTok’s Beijing-based parent, are seeking a deal with Oracle as an alternative to Microsoft https://t.co/QBKsCvc4iE",WSJ Markets,25/08/2020,5,Tweet,0,0,,
MSFT,"RT @joannechiuhk : The two investment firms with large stakes in ByteDance, TikTok’s Beijing-based parent, are seeking a deal with Oracle as an alternative to Microsoft https://t.co/myrjVrp2We via @WSJ",WSJ Markets,25/08/2020,0,Retweet,0,1,,
MSFT,Microsoft's TikTok deal reportedly ballooned after Trump intervened https://t.co/C0j394Ptjw,CNBC,26/08/2020,7,Tweet,0,0,,
MSFT,"RT @m_delamerced : The backstory behind Microsoft’s bid for TikTok: from a potential small investment to the world’s most closely watched (potential) big deal, as told by @MikeIsaac @andrewrsorkin and crew

https://t.co/FPdws67lUu",NYT Business,26/08/2020,0,Retweet,0,2,,
MSFT,"RT @m_delamerced : The backstory behind Microsoft’s bid for TikTok: from a potential small investment to the world’s most closely watched (potential) big deal, as told by @MikeIsaac @andrewrsorkin and crew

https://t.co/FPdws67lUu",NYT Business,26/08/2020,0,Retweet,0,2,,
MSFT,"RT @CNBCnow : BREAKING: TikTok CEO Kevin Mayer quit after being excluded from deal talks between the company and Microsoft &amp; Oracle, a source tells @JBoorstin. Multiple sources also tell CNBC that Mayer's exit indicates that a deal—likely a sale to Microsoft—could come in the next 48 hours. https://t.co/TOcSrn8Xd8",CNBC,27/08/2020,0,Retweet,0,1,video,
MSFT,RT @CNBCnow : Microsoft rises as much as 3% after sources tell CNBC that a TikTok sale to the tech giant could come in the next 48 hours. https://t.co/90c3Kedde9 https://t.co/HqfHtzBkQc,CNBC,27/08/2020,0,Retweet,0,0,photo,
MSFT,Microsoft is on the clock now that Oracle has spoken!  TikTok,Jim Cramer,27/08/2020,30,Tweet,0,0,,
MSFT,"TikTok sale appears imminent, rumors fly on Microsoft, Oracle, Softbank and Walmart involvement

$MSFT $ORCL $WMT
https://t.co/zl5kUDYGHB",Stocktwits,27/08/2020,18,Tweet,0,0,,
MSFT,Microsoft and Walmart are great partners (Azure) and they complement each other perfectly --plus great for advertising for walmart. Could be a done deal!,Jim Cramer,27/08/2020,63,Tweet,0,0,,
MSFT,$WDAY $MSFT $IBM White House's $1B AI Initiative Highlights 3 Public Companies https://t.co/CXND8qUMUe,Benzinga,27/08/2020,5,Tweet,0,0,,
MSFT,Stocks That Hit 52-Week #Highs On Thursday $MSFT $COST $NKE $UNP $CZR &amp; More! https://t.co/X9LaYwgfsf https://t.co/IrBY5HxYhS,Benzinga,27/08/2020,0,Tweet,1,0,animated_gif,
MSFT,"Would-be stormchasers in ""Microsoft Flight Simulator"" observed Hurricane Laura in real-time https://t.co/s1JjIhFBZT",The Washington Post,27/08/2020,68,Tweet,0,0,,
MSFT,"RT @CaraRLombardo : Walmart, Google and SoftBank were working on a bid together, before Walmart joined Microsoft and the other two bowed out. https://t.co/6FmhcB7yPy",WSJ Markets,28/08/2020,0,Retweet,0,0,,
MSFT,"Today, Nintendo is part of a crowded video game market and competes with Sony, Microsoft, Apple and Google. But the company has been around for 130 years, so how has it been able to stay relevant for so long? https://t.co/gE3QGlW59G https://t.co/ApXZJouCUk",CNBC,28/08/2020,18,Tweet,0,0,video,
MSFT,RT @SquawkCNBC : Interim head of @tiktok_us Vanessa Pappas @v_ness Oracle vs. Microsoft in a CNBC Exclusive and which company $ORCL $MSFT is better suited for the acquisition: https://t.co/OZFw0a4yRH,CNBC,28/08/2020,0,Retweet,0,2,video,
MSFT,"People who have worked with Microsoft and those on the receiving end of its lobbying say that it is particularly adept at employing a focused, long-game approach. https://t.co/6AncFhi3LQ",NYT Business,28/08/2020,4,Tweet,0,0,,
MSFT,"People who have worked with Microsoft and those on the receiving end of its lobbying say that it is particularly adept at employing a focused, long-game approach. https://t.co/6AncFhi3LQ",NYT Business,28/08/2020,4,Tweet,0,0,,
MSFT,"Microsoft has built one of the most potent lobbying forces in Washington, one that could give it an advantage over the bidders for TikTok if it continues to pursue a deal https://t.co/7ydfGLlD2q",NYT Business,29/08/2020,4,Tweet,0,0,,
MSFT,"Microsoft has built one of the most potent lobbying forces in Washington, one that could give it an advantage over the bidders for TikTok if it continues to pursue a deal https://t.co/7ydfGLlD2q",NYT Business,29/08/2020,4,Tweet,0,0,,
MSFT,"Today, Nintendo is part of a crowded video game market and competes with Sony, Microsoft, Apple and Google. But the company has been around for 130 years, so how has it been able to stay relevant for so long? https://t.co/gE3QGmdGyg https://t.co/eRjkYPn78x",CNBC,29/08/2020,99,Tweet,0,0,video,
MSFT,RT @CNBCFastMoney : Is Microsoft about to eat into Zoom's market share? Kirk Materne of Evercore on how it could step up as a major challenger $ZM $MSFT https://t.co/Qs36WX0J5h,CNBC,02/09/2020,0,Retweet,0,0,video,
MSFT,Bill Gates: These are the 2 questions I use to tackle every big problem from Microsoft to Covid-19. (via @CNBCMakeIt) https://t.co/ETHg7pQ2HP,CNBC,03/09/2020,21,Tweet,0,1,,
MSFT,"RT @IBD_ECarson : After today's stock market rout, investors shouldn't do this (but you should read this article, like RIGHT NOW ??).  https://t.co/kGaRPku3eZ $TSLA $AAPL $MSFT $DOCU $AVGO $NVDA $GOOGL $ZM $CRM https://t.co/AA1uaDXtD5",Investors.com,03/09/2020,0,Retweet,0,0,photo,
ZM,RT @AlissaCoram : Make sure you check out this week's can't-miss podcast episode for expert analysis of the current market environment and stocks to watch. $ZM $DPZ $SQ https://t.co/aD4sL04ooD,Investors.com,28/02/2020,0,Retweet,0,0,,
ZM,"Stocktwits Trending Tickers BMO 2/28/20 

? $SPY -1.5%
Here we go again. 

? $BYND -13.7%
Earnings miss while revenue tripled yoy.

? $DIS -1%
Tokyo Disney Resort closes following Shanghai and Hong Kong. 

? $ZM +4.7%
Gaining momentum due to coronavirus, +58% YTD. https://t.co/iYVRekpggp",Stocktwits,28/02/2020,8,Tweet,0,0,animated_gif,
ZM,"RT @IBD_ANarayanan : 5 top #stocks for your #investing watch list are are all showing impressive strength in the stock market correction. They are led by Zoom Video, up 54% year to date and a coronavirus play https://t.co/5NaDcqLvlY $DXCM $ZM  $DPZ $DDOG $TAL",Investors.com,02/03/2020,0,Retweet,2,0,,
ZM,RT @IBD_ECarson : After Hours: #Coronavirus Winner Zoom Video Is Earnings Loser; Futures Fall Sharply https://t.co/lXSyhijiXH $ZM $SPLK $GWRE $PING $MRVL #Covid19 https://t.co/wIfyphZcRe,Investors.com,05/03/2020,0,Retweet,2,0,photo,
ZM,"Stocktwits Trending Tickers BMO 3/05/20

? $SPY -2.7%
Markets are fakakta.  

? $ZM -6.6%
Earnings beat, stocks up 70% YTD. 

? $MEET -8.8% 
Meet Group to be acquired for ~500M. 

? $AEO American Eagle +4.1%
Earnings beat, w/ $1.31B in sales. https://t.co/8asSZSNWVo",Stocktwits,05/03/2020,2,Tweet,0,0,animated_gif,
ZM,The selling was intense again on Wall Street Thursday as money flowed furiously into bonds again $ZM $DDOG $FNV https://t.co/P0CcbNwyIW,Investors.com,05/03/2020,4,Tweet,0,0,,
ZM,"The World Health Organization declared the coronavirus a global pandemic, and a bearish market call from Goldman Sachs didn’t help matters $LLY $ZM $BILI https://t.co/YSmK2rp6kg",Investors.com,11/03/2020,2,Tweet,0,0,,
ZM,"$ZM - the most actionable stock in the market today. In the software group so it’s holding up well against coronavirus.
“But even as such, I still definitely wouldn’t be buying here.  You’re going against the market trend which is never a good idea.” @mwebster1971 

#IBDLive https://t.co/LaOZxY1FJw",Investors.com,12/03/2020,5,Tweet,1,1,photo,
ZM,IBD's @mwebster1971 explains how $ZM successfully distanced itself from the #coronavirus market crash. Tune into into the latest #investingwithIBD podcast at https://t.co/kUSWvrJwbB to learn more about the volatile market. Sponsored by @MarketSmith #stocks #investing https://t.co/CPpdlwTdRk,Investors.com,21/03/2020,1,Tweet,4,2,video,
ZM,$ZM has already traded 17.7M shares today. That's 152% of its average daily volume. https://t.co/5lnX5gqDoq,Stocktwits,23/03/2020,11,Tweet,0,0,photo,
ZM,"IBD Live Recap Monday: 
This Software Stock Gains 20% Due To Coronavirus; Should You Buy?

#IBDLive $ZM https://t.co/ZBc1kZLE1N",Investors.com,23/03/2020,4,Tweet,1,0,video,
ZM,"RT @IBDinvestors : IBD Live Recap Monday: 
This Software Stock Gains 20% Due To Coronavirus; Should You Buy?

#IBDLive $ZM https://t.co/ZBc1kZLE1N",Investors.com,23/03/2020,0,Retweet,1,0,video,
ZM,"S&amp;P 500 hits new lows: Zoom Video, Domino’s, DocuSign are back to the future stocks $ZM $DPZ $DOCU Check out the full episode: https://t.co/iZF1eQ7eUz https://t.co/vWpJglXOb0",Investors.com,23/03/2020,5,Tweet,0,0,photo,
ZM,"$ZM ""When looking at Zoom Video's chart today, look at the weekly chart. (Or else you may experience whiplash.) It's down 11% today after increasing over 20% yesterday. But for the stock to pullback like this is not unusual."" @Zeninthemarkets 

#IBDLive https://t.co/BgTOkPqVUU",Investors.com,24/03/2020,3,Tweet,1,1,photo,
ZM,"$ZM stock holding up well and is extended past its recent entry point. ""They've seen a huge increase in users recently because of the quarantine - for school, for classes, for working from home."" @IBD_CGessel
This stock remains on our coronavirus stock watchlist.

#IBDLive https://t.co/ImtNDk73TJ",Investors.com,25/03/2020,6,Tweet,1,1,photo,
ZM,"""There are really only a couple stocks out of the thousands that have done what $ZM has done. But this is not a system to follow. Typically when you buy a breakout amid a bear market, you're going to lose money."" @IBD_CGessel 

#IBDLive https://t.co/A3OkvJq6yG",Investors.com,30/03/2020,4,Tweet,1,1,photo,
ZM,"The surging popularity also has given rise to a new form of online harassment, known as Zoombombing, where online trolls sneak into meetings and cause disruptions https://t.co/dWaeFHjWlN",WSJ Markets,01/04/2020,3,Tweet,0,0,,
ZM,"RT @djtgallagher : Zoom is now a household name, which also puts its problems under a microscope. For @WSJheard - https://t.co/sQx0aPProo",WSJ Markets,06/04/2020,0,Retweet,0,1,,
ZM,"Trending on Stocktwits:

School districts ban Zoom due to security issues.

$ZM -10% pre-market. https://t.co/ght3fts299",Stocktwits,06/04/2020,13,Tweet,0,0,photo,
ZM,Coronavirus pandemic has made videoconferencing upstart Zoom a household name https://t.co/2ufj74gwkL,WSJ Markets,06/04/2020,1,Tweet,0,0,,
ZM,Will The Remote Office Become Habit After The Coronavirus Pandemic? $ZM $WORK $BXP $HPP $ADP $AXP https://t.co/RCUwDTcgyI,Benzinga,07/04/2020,0,Tweet,0,0,,
ZM,VoIP Pioneer Launches Impenetrable Video Communications Platform $ZM https://t.co/v7HhuH6326,Benzinga,11/04/2020,0,Tweet,0,0,,
ZM,Smart Option Trading CEO On Gaining An Edge With Options: 'They Show The Overall Sentiment' https://t.co/kma84yAvn6 $AAPL $AMD $ZM #bzbootcamp,Benzinga,18/04/2020,6,Tweet,1,0,,
ZM,"Stocks whipsaw; coronavirus plays Gilead, Zoom Video, Domino’s swing on news $GILD $ZM $DPZ Watch Stock Market Today here: https://t.co/Qu1VYiNAnX https://t.co/JvURKXCzYC",Investors.com,23/04/2020,2,Tweet,0,0,photo,
ZM,"Trending on Stocktwits:

Zoom Video Communications will join Nasdaq 100 on April 30. 

$ZM +3.8% pre-market. https://t.co/LXMpfq9rNh https://t.co/OpEavFqplQ",Stocktwits,24/04/2020,12,Tweet,0,0,photo,
ZM,"$ZM Zoom Video now joining the Nasdaq 100. ""That's pretty impressive to be on the market less than a year or so and already in the Nasdaq 100."" @IBD_CGessel 

#IBDLive https://t.co/EZASMkyQkQ",Investors.com,24/04/2020,12,Tweet,1,1,photo,
ZM,"Today on Stocktwits...

""$FB and $ZM charts are doing the exact opposite of each other."" https://t.co/kqKIo4XZ8D",Stocktwits,24/04/2020,20,Tweet,0,0,photo,
ZM,The recent rush of consumer—not business—traffic has probably brought Zoom more trouble than it is worth https://t.co/ZRLJooXWb5,WSJ Markets,27/04/2020,1,Tweet,0,0,,
ZM,RT @DoubleLJSquared : Why Facebook actually did Zoom a favor launching Rooms. Smart piece by ?@djtgallagher? for ?@WSJheard?  https://t.co/rhCjdG3Dtf,WSJ Markets,28/04/2020,0,Retweet,0,2,,
ZM,"Trending on Stocktwits:

$ZM ? 6% after admitting it doesn't have 300M DAUs. https://t.co/xLa6ToYlhP",Stocktwits,30/04/2020,3,Tweet,0,0,photo,
ZM,RT @ETFGodfather : 3 Soaring Cloud Computing ETFs $CLOU $WCLD $ZM https://t.co/qEUbnloz1N via @benzinga,Benzinga,12/05/2020,0,Retweet,0,1,,
ZM,"Here's a good post-Covid market stat.  Heading into today, Zoom $ZM had a higher market cap than the combined market cap of the nine S&amp;P 1500 airline stocks. https://t.co/6r35yW56qJ",Bespoke,18/05/2020,4,Tweet,0,0,,
ZM,Why A Tech ETF You've Never Heard Of Is Crushing It This Year $XITK $ZM $SHOP https://t.co/Pmpyr6fjo2,Benzinga,21/05/2020,1,Tweet,0,0,,
ZM,"Any time you want, Todd. With those numbers? You rule!! But NOBODY out-sauces me.. I make ""Cramer's None Better!""   Congratz on all of your success.. Zoom you soon!!!! https://t.co/ph2lDhguGf",Jim Cramer,29/05/2020,2,Tweet,0,0,,
ZM,$ZM is up 189% YTD. https://t.co/VuqpPLxP8e,Stocktwits,01/06/2020,15,Tweet,0,0,photo,
ZM,"Stocks shrug off headlines; Tesla, Apple break out, Zoom Video soars before earnings $TSLA $AAPL $ZM https://t.co/KbGcVx3hgf",Investors.com,01/06/2020,5,Tweet,0,0,,
ZM,Warner Music and ZoomInfo plan to list their shares following months of relative quiet as the pandemic scared away potential issuers https://t.co/mYPiLhtc3a,WSJ Markets,02/06/2020,1,Tweet,0,0,,
ZM,"Zoom is scheduled to report earnings after market close. 
 
$ZM ? 3.6% pre-market. https://t.co/yHe1I5TTnK",Stocktwits,02/06/2020,7,Tweet,0,0,photo,
ZM,$ZM first move higher after earnings. https://t.co/JVR75C2nbI,Stocktwits,02/06/2020,15,Tweet,0,0,photo,
ZM,"Incredible $ZM 1Q numbers even with high expectations:  TR up 169% y/y.  Number of customers contributing more than $100,000 in TTM revs up 90% y/y.  Approximately 265,400 customers with more than 10 employees up 354% y/y.  That's growth.",Stephanie Link,02/06/2020,11,Tweet,0,0,,
ZM,Zoom Video Continues Huge Run After Beat-And-Qaise Q1; User Base Swells Amid Pandemic $ZM https://t.co/htqgVnXSGC,Benzinga,02/06/2020,1,Tweet,0,0,,
ZM,Why @TripleDTrader Says Shopify — Not Zoom Video — Is The Stock To Chase Right Now $SHOP $ZM https://t.co/Q4vyPkM0cu,Benzinga,02/06/2020,1,Tweet,0,1,,
ZM,The big question was whether Zoom’s recent boom in usage was simply that of cheapskates using the free tier of its video communications service—and the answer was “no” https://t.co/EPB8b0Pz0I,WSJ Markets,03/06/2020,1,Tweet,0,0,,
ZM,"RT @IBD_ECarson : Stock futures rise but coronavirus play Zoom Video falls despite blowout earnings; Tesla, RH lead stocks soaring from very deep bases https://t.co/BRE0UYc9xu $TSLA $ZM $CRWD $AMBA $RH $TTD $CVNA https://t.co/zEKxJU11RB",Investors.com,03/06/2020,0,Retweet,0,0,photo,
ZM,Zoom v. Value? Is that the set-up? Is there so much hot money in Zoom and so little in stocks like GM or Dow that you could see a reversal?,Jim Cramer,03/06/2020,11,Tweet,0,0,,
ZM,RT @djtgallagher : Zoom's blowout growth and forecast show why its the undisputed WFH star. But costs are surging as well - and haven't fully caught up yet. Still leaves a very rich stock and questions about what a normalized business will look like. $ZM For @WSJheard - https://t.co/V4DmZR5ZmD,WSJ Markets,03/06/2020,0,Retweet,0,1,,
ZM,Zoom's Stunning Growth Shows How Getting the Details Right Can Pay Off: @EricJhonsa  https://t.co/960eFO0Oky,Jim Cramer,03/06/2020,5,Tweet,0,1,,
ZM,"ZoomInfo’s stock sale marks the second large IPO this week, in a revival of listing plans after stocks rebounded from record lows in March amid the pandemic https://t.co/up46J0WDIR",WSJ Markets,04/06/2020,2,Tweet,0,0,,
ZM,"Slack's results couldn't justify the stock's big work-from-home run up. Coming two days after Zoom's blowout results didn't help matters any, says @djtgallagher for @WSJheard - https://t.co/8xeGJtfV2D",WSJ Markets,05/06/2020,2,Tweet,0,2,,
ZM,Zoom set a high bar for other tech companies benefitting from pandemic’s work-from-home surge. https://t.co/xubxydbcui,WSJ Markets,05/06/2020,3,Tweet,0,0,,
ZM,Zoom doesn’t deserve your business. https://t.co/H4GUrcCnKb,ian bremmer,11/06/2020,58,Tweet,0,0,,
ZM,"RT @JChengWSJ : Zoom Video says it complies with local laws “just like any global company”—including in China. Which is why, it says, it shut down a U.S. human-rights group's account after its videoconference on the 1989 Tiananmen Square massacre.
@evawxiao
https://t.co/ljogaQRiMc",WSJ Markets,11/06/2020,0,Retweet,0,1,,
ZM,"Hedge fund manager Jim Roppel joins #investingwithIBD #podcast w/ @IBD_Irusha this week to discuss the #Nasdaq crossing the 10,000 point threshold for the first time ever. Plus! We check out 5 leading growth stocks! $TSLA $TWLO $ZS $ZM $TDOC -&gt;https://t.co/nbkaKJjFS6 #money https://t.co/EEYmS7awXB",Investors.com,11/06/2020,5,Tweet,4,1,video,
ZM,"3 Stocks Trending Up During Today's Market Sell-Off
$ZM $KR $GRUB
https://t.co/pVz3utgL02",Benzinga,11/06/2020,0,Tweet,0,0,,
ZM,"@Upticken joins #investingwithIBD #podcast w/ @IBD_Irusha this week to discuss the #Nasdaq crossing the 10,000 point threshold for the first time ever. Plus! We check out 5 leading growth #stocks! $TSLA $TWLO $ZS $ZM $TDOC -&gt;https://t.co/nbkaKJjFS6 #money https://t.co/6kPHO2j3fP",Investors.com,12/06/2020,0,Tweet,5,2,video,
ZM,"RT @JChengWSJ : Zoom is the latest company to find itself caught in the geopolitical crosswinds of China's relations with the West.
@evawxiao
https://t.co/ljogaQzHUE",WSJ Markets,12/06/2020,0,Retweet,0,1,,
ZM,"@Upticken joins #investingwithIBD #podcast w/ @IBD_Irusha this week to discuss the #Nasdaq crossing the 10,000 point threshold for the first time ever. Plus! We check out 5 leading growth #stocks! $TSLA $TWLO $ZS $ZM $TDOC -&gt;https://t.co/nbkaKJjFS6 #money https://t.co/vrWiYmysiF",Investors.com,12/06/2020,1,Tweet,5,2,video,
ZM,Why not to Zoom: https://t.co/T7ngmB5EXF,ian bremmer,12/06/2020,39,Tweet,0,0,,
ZM,"Hedge fund manager Jim Roppel @Upticken  joins #investingwithIBD #podcast w/ @IBD_Irusha this week to discuss the #Nasdaq crossing the 10,000 point threshold for the first time ever. Plus! We check out 5 leading growth stocks! $TSLA $TWLO $ZS $ZM $TDOC -&gt;https://t.co/nbkaKJjFS6 https://t.co/yj1LrefEXs",Investors.com,12/06/2020,2,Tweet,3,2,video,
ZM,"@Upticken joins #investingwithIBD #podcast w/ @IBD_Irusha this week to discuss the #Nasdaq crossing the 10,000 point threshold for the first time ever. Plus! We check out 5 leading growth stocks! $TSLA $TWLO $ZS $ZM $TDOC -&gt;https://t.co/nbkaKJjFS6 #money https://t.co/GSwjx77Rqv",Investors.com,12/06/2020,1,Tweet,4,2,photo,
ZM,"@Upticken joins #investingwithIBD #podcast w/ @IBD_Irusha this week to discuss the #Nasdaq crossing the 10,000 point threshold for the first time ever. Plus! We check out 5 leading growth stocks! $TSLA $TWLO $ZS $ZM $TDOC -&gt;https://t.co/nbkaKJjFS6 #money https://t.co/jr3won6xFz",Investors.com,13/06/2020,6,Tweet,4,2,photo,
ZM,"@Upticken joins #investingwithIBD #podcast w/ @IBD_Irusha this week to discuss the #Nasdaq crossing the 10,000 point threshold for the first time ever. Plus! We check out 5 leading growth stocks! $TSLA $TWLO $ZS $ZM $TDOC -&gt;https://t.co/nbkaKJjFS6 #money https://t.co/oWxoAkJf5z",Investors.com,13/06/2020,0,Tweet,4,2,video,
ZM,"@Upticken joins #investingwithIBD #podcast w/ @IBD_Irusha this week to discuss the #Nasdaq crossing the 10,000 point threshold for the first time ever. Plus! We check out 5 leading growth stocks! $TSLA $TWLO $ZS $ZM $TDOC -&gt;https://t.co/nbkaKJjFS6 #money https://t.co/3Y0XH9IBOA",Investors.com,14/06/2020,0,Tweet,4,2,photo,
ZM,"@Upticken joins #investingwithIBD #podcast w/ @IBD_Irusha this week to discuss the #Nasdaq crossing the 10,000 point threshold for the first time ever. Plus! We check out 5 leading growth stocks! $TSLA $TWLO $ZS $ZM $TDOC -&gt;https://t.co/nbkaKJjFS6 #money https://t.co/dr9dAaJKKH",Investors.com,14/06/2020,2,Tweet,4,2,video,
ZM,"In a Zoom video stream in a nearly empty courtroom, PG&amp;E’s chief executive repeated “guilty, your honor” as he was asked to recount his plea over and over, 84 times, one felony count for each fire victim. https://t.co/4nUiv2mobk",NYT Business,17/06/2020,94,Tweet,0,0,,
ZM,"In a Zoom video stream in a nearly empty courtroom, PG&amp;E’s chief executive repeated “guilty, your honor” as he was asked to recount his plea over and over, 84 times, one felony count for each fire victim. https://t.co/4nUiv2mobk",NYT Business,17/06/2020,94,Tweet,0,0,,
ZM,"Zoom Will Finally Offer End-To-End Encryption For Free Users $ZM

https://t.co/ph4o4DjkM7 https://t.co/ZhgMdYWUro",Benzinga,18/06/2020,2,Tweet,0,0,photo,
ZM,"Hamilton but monitored by Beijing. 

The *Zoom* Where it Happened. https://t.co/4xYPSUUFmk",ian bremmer,25/06/2020,7,Tweet,0,0,,
ZM,"If you ask, people will confess to owning a Zoom Shirt: a top, typically kept on the back of the computer chair or a hanger nearby, that they pop on in the moments before their webcam lights up. https://t.co/tSXP1RLx67",NYT Business,29/06/2020,5,Tweet,0,0,,
ZM,"If you ask, people will confess to owning a Zoom Shirt: a top, typically kept on the back of the computer chair or a hanger nearby, that they pop on in the moments before their webcam lights up. https://t.co/tSXP1RLx67",NYT Business,29/06/2020,5,Tweet,0,0,,
ZM,How long can you wear the same outfit for regular work Zooms? Longer than you think. A lot longer. https://t.co/tilTcfuQr7,NYT Business,29/06/2020,0,Tweet,0,0,,
ZM,How long can you wear the same outfit for regular work Zooms? Longer than you think. A lot longer. https://t.co/tilTcfuQr7,NYT Business,29/06/2020,0,Tweet,0,0,,
ZM,A Zoom shirt is the fashion item of the quarantine. It's that top hanging on a chair near your laptop. The one that probably could use a wash. https://t.co/aT3VUj80hf,NYT Business,29/06/2020,1,Tweet,0,0,,
ZM,A Zoom shirt is the fashion item of the quarantine. It's that top hanging on a chair near your laptop. The one that probably could use a wash. https://t.co/aT3VUj80hf,NYT Business,29/06/2020,1,Tweet,0,0,,
ZM,"Choosing a Zoom Shirt isn’t simple. Ironically, a garment that rarely leaves a single room needs the same qualities as a travel shirt: durable, easy to store, able to front in a variety of social settings. It also must come on and off in a flash. https://t.co/KElDZtGtX4",NYT Business,30/06/2020,3,Tweet,0,0,,
ZM,"Choosing a Zoom Shirt isn’t simple. Ironically, a garment that rarely leaves a single room needs the same qualities as a travel shirt: durable, easy to store, able to front in a variety of social settings. It also must come on and off in a flash. https://t.co/KElDZtGtX4",NYT Business,30/06/2020,3,Tweet,0,0,,
ZM,"There are several ways to Zoom Shirt. Some people go to a one-garment extreme. Others rotate at least a couple of shirts. Some take their Zoom Shirt on and off for every meeting, while others wear theirs all day. https://t.co/Fi3HFc9vCI",NYT Business,30/06/2020,6,Tweet,0,0,,
ZM,"There are several ways to Zoom Shirt. Some people go to a one-garment extreme. Others rotate at least a couple of shirts. Some take their Zoom Shirt on and off for every meeting, while others wear theirs all day. https://t.co/Fi3HFc9vCI",NYT Business,30/06/2020,6,Tweet,0,0,,
ZM,"RT @kashhill : If you're a powerful tech CEO forced to testify before Congress, smart to do it while you can just Zoom in to testify and not be photographed doing the antitrust perp walk in DC. https://t.co/As06WEoDh8",NYT Business,02/07/2020,0,Retweet,0,0,,
ZM,"RT @kashhill : If you're a powerful tech CEO forced to testify before Congress, smart to do it while you can just Zoom in to testify and not be photographed doing the antitrust perp walk in DC. https://t.co/As06WEoDh8",NYT Business,02/07/2020,0,Retweet,0,0,,
ZM,"If you're a powerful tech CEO forced to testify before Congress, smart to do it while you can just Zoom in to testify and not be photographed doing the antitrust perp walk in DC. https://t.co/uba3HjXaoi",NYT Business,05/07/2020,4,Tweet,0,0,,
ZM,"If you're a powerful tech CEO forced to testify before Congress, smart to do it while you can just Zoom in to testify and not be photographed doing the antitrust perp walk in DC. https://t.co/uba3HjXaoi",NYT Business,05/07/2020,4,Tweet,0,0,,
ZM,Zoomed in on the answer https://t.co/GkHABGKkTW,ian bremmer,06/07/2020,51,Tweet,0,0,photo,
ZM,"Three stocks in the Russell 1,000 are up more than Tesla $TSLA year-to-date with gains of more than 220%.  Fastly $FSLY, Zoom $ZM, and Livongo $LVGO.  https://t.co/LyW39nzHhg https://t.co/spOmMci3bd",Bespoke,07/07/2020,9,Tweet,0,0,photo,
ZM,"China’s stock market zooms ahead for the eighth day in a row, leading global markets higher on hopes for a sustained economic recovery from coronavirus lockdowns    https://t.co/2mvqNld2zs",WSJ Markets,09/07/2020,6,Tweet,0,0,,
ZM,#ICYMI: $ZM &amp; $DOCU are software sector highflyers that recently joined the #Nasdaq100. What's the significance of this &amp; how have investors have been using a variety #ETFs to score profits during the market rally? @Nasdaq's Phil Mackintosh explains: https://t.co/BjNC0KHxf7 $QQQ https://t.co/dlg2VtaisM,Investors.com,10/07/2020,0,Tweet,3,1,photo,
ZM,RT @carlquintanilla : $ZM https://t.co/ZJijhincki,Stocktwits,15/07/2020,0,Retweet,0,0,,
ZM,"Investors love Zoom, but they hate tech hardware. The marriage should be interesting. https://t.co/t5yex2LTke",WSJ Markets,15/07/2020,0,Tweet,0,0,,
ZM,"Zoom is getting a hard lesson in how much investors dislike hardware stories, writes @djtgallagher for @WSJheard - https://t.co/veZxdxSPQM",WSJ Markets,15/07/2020,3,Tweet,0,2,,
ZM,"Zoom and Tesla Monthly Performance 
 
$ZM $TSLA https://t.co/E2MuQ6cODt https://t.co/Fvf1VhAi4S",Stocktwits,25/07/2020,12,Tweet,0,0,photo,
ZM,"Zoom Video Exec Talks Cloud Conferencing Company's Partnership Strategy, Hardware-As-A-Service $ZM

https://t.co/lT7UeIs40O",Benzinga,28/07/2020,1,Tweet,0,0,,
ZM,"RT @MikeIsaac : all of the CEO's will be appearing remotely. and while each of their companies own a streaming video service of some kind, none of them are being used, per @Kellen_Browning. instead? the return of WEBEX.

sorry @zoom_us 

https://t.co/ZYGsi75F3u",NYT Business,29/07/2020,0,Retweet,0,2,,
ZM,"RT @MikeIsaac : all of the CEO's will be appearing remotely. and while each of their companies own a streaming video service of some kind, none of them are being used, per @Kellen_Browning. instead? the return of WEBEX.

sorry @zoom_us 

https://t.co/ZYGsi75F3u",NYT Business,29/07/2020,0,Retweet,0,2,,
ZM,"""Lets go rob a bank in Grand Theft Auto."" Eager for anything but another meeting in Zoom, executives are getting together in video games, where they can rampage, brainstorm or just chill out. https://t.co/TTTbrJoPrN",NYT Business,31/07/2020,4,Tweet,0,0,,
ZM,"""Lets go rob a bank in Grand Theft Auto."" Eager for anything but another meeting in Zoom, executives are getting together in video games, where they can rampage, brainstorm or just chill out. https://t.co/TTTbrJoPrN",NYT Business,31/07/2020,4,Tweet,0,0,,
ZM,"""Lets go rob a bank in Grand Theft Auto."" Eager for anything but another meeting in Zoom, executives are getting together in video games, where they can rampage, brainstorm or just chill out. https://t.co/NKjRc4BZzD",NYT Business,31/07/2020,11,Tweet,0,0,,
ZM,"""Lets go rob a bank in Grand Theft Auto."" Eager for anything but another meeting in Zoom, executives are getting together in video games, where they can rampage, brainstorm or just chill out. https://t.co/NKjRc4BZzD",NYT Business,31/07/2020,11,Tweet,0,0,,
ZM,"Donald Trump, Jair Bolsonaro, and Vladimir Putin gather via Zoom for a meeting of the Pandemic Presidents. But who's the top Corona King of them all? #PUPPETREGIME

Watch more of @gzeromedia's #PUPPETREGIME: https://t.co/6s7bjfGn01 https://t.co/J5vRrPvhpH",ian bremmer,31/07/2020,2867,Tweet,2,1,video,
ZM,"""Lets go rob a bank in Grand Theft Auto."" Eager for anything but another meeting in Zoom, executives are getting together in video games, where they can rampage, brainstorm or just chill out. https://t.co/AYdNEtuKZr",NYT Business,01/08/2020,18,Tweet,0,0,,
ZM,"""Lets go rob a bank in Grand Theft Auto."" Eager for anything but another meeting in Zoom, executives are getting together in video games, where they can rampage, brainstorm or just chill out. https://t.co/AYdNEtuKZr",NYT Business,01/08/2020,18,Tweet,0,0,,
ZM,"Who's the top Corona King of them all? Trump, Bolsonaro &amp; Putin (aka the Pandemic Presidents) chat about the latest coronavirus data on Zoom. #PUPPETREGIME

Watch more of @gzeromedia's #PUPPETREGIME: https://t.co/6s7bjfGn01 https://t.co/wAE4aaRmpa",ian bremmer,02/08/2020,35,Tweet,2,1,video,
ZM,"Zoom and other devices allow telemedicine, family visits for many older at-home adults.

But many with limited financial resources also may not be able to afford such equipment. https://t.co/64jlSZWJqj",The Washington Post,03/08/2020,44,Tweet,0,0,,
ZM,".@DanFitzpatrick Founder of The Stock Market Mentor, joined @IBD_Irusha on this week's #podcast to discuss work-from-home trends and the importance of post-trade analysis + we review 3 potential #tech stocks: $SHOP, $DT and $ZM https://t.co/nbkaKJjFS6 for more! #investing #money https://t.co/p7lHOleTHH",Investors.com,06/08/2020,4,Tweet,4,2,video,
ZM,"Perspective: Long before Zoom, British soldiers used technology to stay connected during World War II https://t.co/vzs7fqkbIZ",The Washington Post,10/08/2020,26,Tweet,0,0,,
ZM,"America's first jury trial via Zoom begins, complete with virtual jurors https://t.co/nG5mBQg7KW",Newsweek,11/08/2020,20,Tweet,0,0,,
ZM,"Salesforce offloads stakes in Zoom, Dropbox after big returns 
 
$CRM $ZM $DBX https://t.co/g41mQi8cXd https://t.co/Om6AtVahQf",Stocktwits,11/08/2020,15,Tweet,0,0,photo,
ZM,$ZM Why Zoom Video's Stock Is Trading Lower Today. https://t.co/Vkb9gVWeK3 https://t.co/BZ6ST5xOmk,Benzinga,11/08/2020,1,Tweet,0,0,animated_gif,
ZM,Zoom sued by consumer group for misrepresenting its encryption protections https://t.co/8SVo3uWxTA,The Washington Post,11/08/2020,48,Tweet,0,0,,
ZM,A 10-Year-Old Girl Saw Her Mom Get Shot And Killed While Attending Class On Zoom https://t.co/VqCSjVDxbm,BuzzFeed,11/08/2020,26,Tweet,0,0,,
ZM,A 10-Year-Old Girl Saw Her Mom Get Shot And Killed While Attending Class On Zoom https://t.co/VqCSjVDxbm,BuzzFeed,11/08/2020,26,Tweet,0,0,,
ZM,"Justice by Zoom: Frozen video, a cat — and finally a verdict https://t.co/RQw6ByDhqH",The Washington Post,12/08/2020,10,Tweet,0,0,,
ZM,Florida mother shot during child's Zoom class as teacher watches https://t.co/70oH7t5MAP,Newsweek,13/08/2020,11,Tweet,0,0,,
ZM,"A Florida girl witnessed her mother’s fatal shooting while in a Zoom class, police said https://t.co/fTzUlebxwE",The Washington Post,13/08/2020,51,Tweet,0,0,,
ZM,"Do you have a bad case of Zoom Face -- tired eyes, droopy jowls? The perception is partly responsible for a surge of cosmetic surgeries, plastic surgeons say, and they're schedules are filling up as a result. https://t.co/hobIzR56jK",NYT Business,13/08/2020,2,Tweet,0,0,,
ZM,"Do you have a bad case of Zoom Face -- tired eyes, droopy jowls? The perception is partly responsible for a surge of cosmetic surgeries, plastic surgeons say, and they're schedules are filling up as a result. https://t.co/hobIzR56jK",NYT Business,13/08/2020,2,Tweet,0,0,,
ZM,"RT @ErinatThePost : How did The Post get the USPS story?  I learned about it by covering a long, local Board of Elections on Zoom with a handful of other people, then filing a polite records request with USPS to determine how widespread this issue might be. 

Beat reporting for the win, folks. https://t.co/ckcJdnz7uY",The Washington Post,14/08/2020,0,Retweet,0,0,,
ZM,"New for subscribers:  Here are Tuesday's biggest analyst calls of the day: Nvidia, Zoom, Best Buy, Penn Gaming &amp; more https://t.co/SfjS8wAxR0 Check out @CNBCPro today.",CNBC,18/08/2020,6,Tweet,0,1,,
ZM,"RT @CNBCPro : Here are Tuesday’s biggest analyst calls of the day: Nvidia, Zoom, Best Buy, Penn Gaming &amp; more https://t.co/ZwR4VIUUBI",CNBC,18/08/2020,0,Retweet,0,0,,
ZM,Zoom-based opera for preschoolers might sound like your worst nightmare. But it’s actually the best Zoom there is. https://t.co/8rC64yyyvm,The Washington Post,19/08/2020,31,Tweet,0,0,,
ZM,27 Things We Learned On Zoom With Ashley Benson https://t.co/P7sD43Nco7,BuzzFeed,19/08/2020,3,Tweet,0,0,,
ZM,27 Things We Learned On Zoom With Ashley Benson https://t.co/P7sD43Nco7,BuzzFeed,19/08/2020,3,Tweet,0,0,,
ZM,Columbine High School shooting threat made during Zoom call with parents https://t.co/hK7cp2NQG7,Newsweek,20/08/2020,15,Tweet,0,0,,
ZM,".@SenatorCarper giving 3 f*cks:

1 for a bad Zoom connection
2 for DeJoy’s testimony
3 for all of 2020 https://t.co/COiq5k6oL8",ian bremmer,21/08/2020,24,Tweet,0,1,video,
ZM,"Zoom Video, up 330% this year, could have more room to run, trader says $ZM (via @TradingNation) https://t.co/C9LwcDv5tN",CNBC,21/08/2020,13,Tweet,0,1,,
ZM,RT @OptionsAction : Tesla on a tear! @Michael_Khouw uses an options strategy that puts him in the driver's seat as the stock zooms to record highs. https://t.co/MrEoLH1TLJ,CNBC,21/08/2020,0,Retweet,0,1,video,
ZM,"Perspective: The Zoom era has radically transformed political speechcraft.

For the better. https://t.co/SPxFhfvSeX",The Washington Post,21/08/2020,43,Tweet,0,0,,
ZM,Opinion: We’re doing our best with Zoom. But we’ll still need offices — and each other. https://t.co/yy4pW3feFO,The Washington Post,24/08/2020,64,Tweet,0,0,,
ZM,Zoom's video service is down https://t.co/pj2EccGDyC,CNBC,24/08/2020,170,Tweet,0,0,,
ZM,Zoom down in parts of U.S. as video calling tool confirms outages hitting meetings and webinars https://t.co/gHQyDL8Su6,Newsweek,24/08/2020,15,Tweet,0,0,,
ZM,Zoom users are unable to join meetings Monday as the online teleconferencing company worked to resolve outages nationwide https://t.co/nHNvTrYxIn,The Washington Post,24/08/2020,120,Tweet,0,0,,
ZM,Zoom said it had “identified the issue” and was working to resolve the problem for users unable to start or join meetings https://t.co/JZgvhtDpgy,NYT Business,24/08/2020,3,Tweet,0,0,,
ZM,Zoom said it had “identified the issue” and was working to resolve the problem for users unable to start or join meetings https://t.co/JZgvhtDpgy,NYT Business,24/08/2020,3,Tweet,0,0,,
ZM,Zoom has reported “partial outages” for its video service. https://t.co/8UxDS5FvCt,CNBC,24/08/2020,43,Tweet,0,0,,
ZM,UPDATE: Zoom says video chat service has been restored for most users. https://t.co/8UxDS5FvCt,CNBC,24/08/2020,11,Reply,0,0,,
ZM,"Texas high school class Zoom-bombed by Ku Klux Klan image, racist and sexual content https://t.co/UDRiAoBpKe",Newsweek,24/08/2020,19,Tweet,0,0,,
ZM,Zoom says all of its services are operational after a morning outage. https://t.co/63UiTzIzzy,CNBC,24/08/2020,25,Tweet,0,0,,
ZM,Zoom outages disrupt first day of online classes for many schools and universities https://t.co/FXeuaxoFUp,The Washington Post,24/08/2020,83,Tweet,0,0,,
ZM,RT @CNBCFastMoney : Analysts can’t seem to catch up to $AAPL &amp; $TSLA! Both stocks zooming past analyst price targets. Our traders break down the action. https://t.co/q0mF9qcUCJ,CNBC,24/08/2020,0,Retweet,0,0,video,
ZM,"RT @SquawkCNBC : ""A Zoom world is an okay transition, but people like to be together--they like to work together,"" says @EricSchmidt. ""New York has been through many such scenarios, and New York will return."" https://t.co/Xw05RjMbA1",CNBC,25/08/2020,0,Retweet,0,1,video,
ZM,Overheard: Zoom fails to master its domain on Monday as teleconferencing comes under fire https://t.co/LPq7oUIPYN,WSJ Markets,25/08/2020,2,Tweet,0,0,,
ZM,"US Open Tennis Championships and Zoom Announce VIP Virtual Experience Partnership 
 
$ZM  
https://t.co/d9u3yxJrI1 https://t.co/DbHiQ2mnY6",Stocktwits,28/08/2020,7,Tweet,0,0,photo,
ZM,Zoom hits record high ahead of earnings. Trader shares what level would be a buy $ZM (via @TradingNation) https://t.co/4pk8Bv5Xwi,CNBC,31/08/2020,8,Tweet,0,1,,
ZM,"RT @CNBCnow : EARNINGS: Zoom Video Q2 EPS $0.92 Adj. vs. $0.45 Est.; Q2 Revs. $664M vs. $501M Est. • Zoom says it now has 370K customers, ""up 458% year-over-year""  
https://t.co/Ms0370FAxT https://t.co/Sy8PTYxjnR",CNBC,31/08/2020,0,Retweet,0,0,photo,
ZM,Zoom revenue more than quadrupled from last year https://t.co/gMrVmPjOlP,CNBC,31/08/2020,38,Tweet,0,0,,
ZM,"RT @jm_corba : Zoom revenue more than quadrupled from last year 
-Adj. EPS: $0.92 vs. $0.45 analyst expectations
-Revenue: $663.5M vs. $500.5M expected via Refinitiv
-YTD $ZM is up 369%
https://t.co/DrCATrv4IX 

CFO @ksteckel joins @SquawkCNBC tomorrow at 8:30 am to discuss the Q2 results https://t.co/2l6MIzH6jQ",CNBC,31/08/2020,0,Retweet,0,2,photo,
ZM,So many people working from home and using video conferencing as a subsitute for in-person meetings looks like it's going to be a huge winner for Zoom video. $ZM,Joe Weisenthal,31/08/2020,4,Tweet,0,0,,
ZM,"Stocks making the biggest moves after hours: Zoom Video, Eastman Kodak, Tesla &amp; more https://t.co/wj9KABrkze",CNBC,31/08/2020,6,Tweet,0,0,,
ZM,"$ZM up double digits AMH post better earnings, revs and guide. They have said their TAM in the next few yrs is $45 billion. This is the new life we are in...",Stephanie Link,31/08/2020,7,Tweet,0,0,,
ZM,RT @firstadopter : Zoom shares in after-hours trading $ZM https://t.co/Pi5rpnUueV,Stocktwits,31/08/2020,0,Retweet,0,0,photo,
ZM,"Zoom Video Reports 355% Q2 Revenue Increase, 458% Gain In Customers $ZM https://t.co/NU9pzGtMQY",Benzinga,31/08/2020,2,Tweet,0,0,,
ZM,"Zoom has quickly gone from being one of the smallest cloud companies by annual revenue to one of the largest. But it's booming consumer business adds a very un-SaaS-like element of unpredictability, @djtgallagher writes for @WSJheard - https://t.co/QNcl2bi8GN",WSJ Markets,31/08/2020,4,Tweet,0,2,,
ZM,OMG didn't realize that Zoom is soaring 26% after earnings  https://t.co/IhM2Q3pgzu $ZM https://t.co/oVpHwiByZ5,Joe Weisenthal,01/09/2020,18,Tweet,0,0,photo,
ZM,Zooming its way to increase. $ZM 355% Q2 Revenue https://t.co/XmLIdl7Tk6,Benzinga,01/09/2020,1,Tweet,0,0,,
ZM,"RT @pearkes : Some Zoom $ZM stats.

Pre-market, shares are almost exactly 6x YTD.
YoY incremental net income margins = 35.6% (on 335% top-line)
86x T12 revenues.
&gt;1/2 the market cap of AT&amp;T $T, which does &gt;100x the revenue and has a balance sheet &gt;200x as large.",Joe Weisenthal,01/09/2020,0,Retweet,0,0,,
ZM,LIVE ??PreMarket Prep: Post-Split Rally In $AAPL $TSLA Continues. $ZM Blows It ... https://t.co/H2349Cfjp3 https://t.co/AHMWk2bEL3,Benzinga,01/09/2020,2,Tweet,0,0,animated_gif,
ZM,"New for subscribers:  Here are Tuesday's biggest analyst calls of the day: Apple, Zoom, Chipotle, Penn National &amp; more https://t.co/Lb5yBbRR1V Check out @CNBCPro today.",CNBC,01/09/2020,9,Tweet,0,1,,
ZM,"It was a blowout second quarter for Zoom, with revenue more than quadrupling year-over-year. And further gains could be ahead.

“Working from home is not a fad,” CFO Kelly Steckelberg says. https://t.co/gMrVmPjOlP https://t.co/R8a7BExmRr",CNBC,01/09/2020,14,Tweet,0,0,video,
ZM,"“Zoom is now integrated into all aspects of our lives,” CFO Kelly Steckelberg says, adding that “this way of communicating and working is here to stay.” https://t.co/gMrVmPjOlP https://t.co/W3YqTJ30o8",CNBC,01/09/2020,22,Tweet,0,0,video,
ZM,"Zoom is up 38% pre-market following last night's earnings. 
 
$ZM https://t.co/FkEPMV01Ys",Stocktwits,01/09/2020,19,Tweet,0,0,photo,
ZM,New for subscribers:  Zoom is soaring after blowout earnings — Here's what Wall Street analysts are saying to do now https://t.co/pfpnK1wLSc Check out @CNBCPro today.,CNBC,01/09/2020,10,Tweet,0,1,,
ZM,"RT @CNBCPro : Here are Tuesday’s biggest analyst calls of the day: Apple, Zoom, Chipotle, Penn National &amp; more https://t.co/CY4KBHutuv",CNBC,01/09/2020,0,Retweet,0,0,,
ZM,"RT @firstadopter : BAD MOVE CISCO MANAGEMENT! ""Seeing the rise of the iPhone and its imitators, he became convinced the company needed a product that worked on mobile phones, not just PCs. Cisco’s leadership didn’t agree, and Yuan left in 2011 to found Zoom"" $ZM https://t.co/XPM9MDCltV https://t.co/AmIrwd1pCP",Joe Weisenthal,01/09/2020,0,Retweet,0,0,photo,
ZM,Zoom up 42% and they didn't even announce a split. $ZM https://t.co/u1Eoy23Pcy,Bespoke,01/09/2020,38,Tweet,0,0,photo,
ZM,"Shares of Zoom ($ZM) have soared after the company reported better-than-expected Q2 results. ?? “Zoom reports a blowout second quarter”

https://t.co/CExrJFNwDT",CNBC,01/09/2020,14,Tweet,0,0,,
ZM,Zoom shares soar after revenue more than quadruples from last year. https://t.co/vIy40ndXd2,CNBC,01/09/2020,12,Tweet,0,0,,
ZM,"Shares of Zoom were up about 40%, giving the company a market value greater than IBM’s  https://t.co/QjM8VFMn00",WSJ Markets,01/09/2020,2,Tweet,0,0,,
ZM,What's on your radar? #Earnings https://t.co/oazu0hHo3M $ZM $DOCU $M $CTLT $HOME $CPB $AVGO $SWBI $CLDR $HRB $MOMO $GSX $ZUO $MDB $MIK $SCSC $VRA $SPWH $WSG $PD $BBW $FIVE $GES $EGAN $CIEN $DLTH $SAIC $SMAR $AMBA $SIG $JFIN $TTC $DBI $SCVL $PVH $RGS $DCI  $IMAB https://t.co/9EXYADChmK,Benzinga,01/09/2020,5,Tweet,1,0,photo,
ZM,"$ZM Takeaways From 6 Zoom Video Analysts On Work-From-Home Stock's Big Q2 Beat
https://t.co/leGZCY4w10",Benzinga,01/09/2020,1,Tweet,0,0,,
ZM,"Stock market live updates: Dow rises after big August, tech outperforms, Zoom Video surges https://t.co/70OlJVhZBC",CNBC,01/09/2020,10,Tweet,0,0,,
ZM,Here are incredible stats about Zoom following its blowout earnings report https://t.co/dh8XnA0VBD,CNBC,01/09/2020,8,Tweet,0,0,,
ZM,"Zoom's stock surges 41% after earnings beat, adding over $37 billion in market cap https://t.co/TKNw2aXBaM",CNBC,01/09/2020,31,Tweet,0,0,,
ZM,"“Zoom is now integrated into all aspects of our lives,” CFO Kelly Steckelberg says, adding that “this way of communicating and working is here to stay.” https://t.co/gMrVmPjOlP https://t.co/MQb7Lc06fD",CNBC,01/09/2020,13,Tweet,0,0,video,
ZM,RT @CNBCFastMoney : Zoom shares soared 40% on Tuesday after a blowout earnings quarter. The traders weigh in on the big move for $ZM and what’s ahead for the company. https://t.co/QHVHwfs2xV,CNBC,01/09/2020,0,Retweet,0,0,video,
ZM,"It was a blowout second quarter for Zoom, with revenue more than quadrupling year-over-year. And further gains could be ahead.

“Working from home is not a fad,” CFO Kelly Steckelberg says. https://t.co/gMrVmPjOlP https://t.co/cpvf9GK3ny",CNBC,01/09/2020,10,Tweet,0,0,video,
ZM,"$ZM Zoom CEO Eric Yuan Becomes $6.6B Richer In A Day, Thanks To 40% Stock Surge https://t.co/vdniaL5V3U https://t.co/AA2dySi9xs",Benzinga,02/09/2020,2,Tweet,0,0,animated_gif,
ZM,Zoom shares drop following Tuesday's 40% surge https://t.co/PMr1LNztkR,CNBC,02/09/2020,18,Tweet,0,0,,
ZM,Heard on the Street: Pernod Ricard and its liquor-industry rivals can’t make up for lost bar sales through Zoom cocktail parties alone https://t.co/GkGYZ4KID9,WSJ Markets,02/09/2020,2,Tweet,0,0,,
ZM,Zoom Shares Soar After Stunning Revenue And Income Growth $ZM https://t.co/A9W5Y9ecjH https://t.co/fvl8uPUrum,Benzinga,02/09/2020,0,Tweet,0,0,animated_gif,
ZM,a monster in our mist! a zoom https://t.co/bUOgyGg1nX,Jim Cramer,02/09/2020,1,Tweet,0,0,photo,
ZM,LISTEN NOW: Breaking down Zoom's launch into the digital atmosphere in Q3 and more on the Squawk Pod podcast by @SquawkCNBC. Listen and subscribe here: https://t.co/CiqQLzjGBC https://t.co/dHich2Q6KF,CNBC,02/09/2020,1,Tweet,0,1,video,
ZM,Six tech tips for remote learning: Protect your kids’ data and make sure they look good on Zoom https://t.co/X8ds7TWb1I,The Washington Post,02/09/2020,18,Tweet,0,0,,
ZM,What's on your radar? #Earnings https://t.co/oazu0hHo3M $ZM $DOCU $M $CTLT $HOME $CPB $AVGO $SWBI $CLDR $HRB $MOMO $GSX $ZUO $MDB $MIK $SCSC $VRA $SPWH $WSG $PD $BBW $FIVE $GES $EGAN $CIEN $DLTH $SAIC $SMAR $AMBA $SIG $JFIN $TTC $DBI $SCVL $PVH $RGS $DCI  $IMAB $RKT https://t.co/pM58jiRZ2L,Benzinga,02/09/2020,5,Tweet,1,0,photo,
ZM,"Zoom's head of hiring has interviewed thousands since Covid-19—avoid these 4 most annoying mistakes, he says. (via @CNBCMakeIt) https://t.co/hmzd3jiWpi",CNBC,03/09/2020,10,Tweet,0,1,,
ZM,I guess Zoom has all the employees it needs now HT: @pkedrosky  https://t.co/smp6fvlr7t $ZM https://t.co/1o0D0kwHuQ,Joe Weisenthal,03/09/2020,2,Tweet,0,1,photo,
ZM,$ZM -8%,Joe Weisenthal,03/09/2020,1,Tweet,0,0,,
ZM,O’Neil Global Advisors CEO @Steven_Birch joined @IBD_Irusha on this week's #podcast to discuss parallels between the 1999 stock market and the current bull market. He also analyzed $ZM + $TSLA as potential case studies of a rare sell signal. See https://t.co/nbkaKJjFS6 for more! https://t.co/mp53RG1LnN,Investors.com,03/09/2020,8,Tweet,1,2,photo,
ZM,Kids used to love screen time. Then schools made Zoom mandatory all day long. https://t.co/mwgsYrXNAN,The Washington Post,04/09/2020,57,Tweet,0,0,,
ZM,"Zoom Video has a larger market cap than United Airlines, American Airlines, Delta, and Southwest... combined. 
 
$ZM $UAL $AAL $DAL $LUV https://t.co/aCbrj3vwUw",Stocktwits,19/05/2020,117,56,Tweet,0,0,photo
